emp_no,first_name,last_name,from_date,to_date,title
10095,Hilari,Morton,1994-03-10,9999-01-01,Senior Staff
10122,Ohad,Esposito,1998-08-06,9999-01-01,Technique Leader
10291,Dipayan,Seghrouchni,1987-03-30,9999-01-01,Senior Staff
10476,Kokou,Iisaka,1987-09-20,9999-01-01,Senior Staff
10663,Teunis,Noriega,1993-01-23,9999-01-01,Technique Leader
10762,Lech,Himler,1992-01-21,9999-01-01,Senior Staff
10933,Juyoung,Seghrouchni,1993-08-02,9999-01-01,Senior Engineer
12155,Keiichiro,Glinert,1993-09-16,9999-01-01,Engineer
12408,Rasiah,Sudkamp,1995-04-18,9999-01-01,Senior Engineer
12643,Morrie,Schurmann,1998-12-31,9999-01-01,Staff
13499,Kazuhiko,Sidou,1991-09-01,9999-01-01,Technique Leader
14075,Denny,Tchuente,1991-05-30,9999-01-01,Assistant Engineer
14104,Sudhanshu,Demian,1994-07-23,9999-01-01,Senior Staff
14127,Magdalena,Cannard,1994-04-22,9999-01-01,Engineer
14158,Caolyn,Setiz,1990-02-06,9999-01-01,Senior Staff
14476,Sastry,Marrevee,1999-09-25,9999-01-01,Engineer
14907,Nakhoon,Luga,1986-12-18,9999-01-01,Senior Staff
15050,Nikolaos,Kruskal,1990-12-17,9999-01-01,Engineer
15058,Bouchung,Bugrara,1990-06-18,9999-01-01,Senior Staff
15413,Arvin,Rabejac,1994-01-01,9999-01-01,Engineer
16461,Remmert,Schahn,1986-09-06,9999-01-01,Senior Staff
16528,Gaurav,Swick,1996-05-07,9999-01-01,Assistant Engineer
17013,Morris,Garigliano,1995-05-24,9999-01-01,Senior Staff
17206,Berry,DeMori,1992-12-27,9999-01-01,Engineer
17369,Yaghout,Kenevan,1993-01-28,9999-01-01,Engineer
17447,Zengping,Boreale,1998-12-16,9999-01-01,Staff
17731,Gennady,Roison,1989-12-06,9999-01-01,Assistant Engineer
17970,Filipp,Carrere,1989-01-09,9999-01-01,Technique Leader
17988,Mabhin,Calkin,1989-11-30,9999-01-01,Engineer
18021,Adil,Matzke,1987-05-08,9999-01-01,Engineer
18424,Filipp,Rousseau,1995-06-07,9999-01-01,Engineer
18583,Stafford,Honglei,1998-08-16,9999-01-01,Staff
18617,Surveyors,Crouzet,1989-04-24,9999-01-01,Senior Staff
18810,Taiji,Jarecki,1991-06-27,9999-01-01,Engineer
19236,Elzbieta,Morris,1988-07-12,9999-01-01,Engineer
19350,Satoru,Yoshizawa,1994-03-27,9999-01-01,Senior Staff
19803,Ziva,Kowalchuk,1987-06-13,9999-01-01,Engineer
20100,Utz,Heuter,1986-06-15,9999-01-01,Senior Staff
20128,Kazunori,Peak,1999-08-13,9999-01-01,Senior Staff
20129,Rafael,Skafidas,1991-03-28,9999-01-01,Engineer
20248,Vidar,Demri,1999-12-31,9999-01-01,Staff
20313,Candida,Benveniste,1999-01-20,9999-01-01,Engineer
20500,Christoph,Trystram,1993-10-15,9999-01-01,Senior Staff
20885,Otmar,Rothenberg,1989-03-14,9999-01-01,Engineer
21181,Jianhui,Cangellaris,1991-10-06,9999-01-01,Assistant Engineer
21188,Piyush,Danecki,2000-01-08,9999-01-01,Engineer
21546,Yongmin,Lanteri,1988-02-16,9999-01-01,Senior Staff
21843,Karsten,Azadmanesh,1985-11-29,9999-01-01,Senior Engineer
21909,Mohammed,Brizzi,1991-12-28,9999-01-01,Senior Staff
22185,Huai,Birch,1996-03-26,9999-01-01,Assistant Engineer
22415,Perla,Jumpertz,1994-08-24,9999-01-01,Senior Staff
22451,Jasminko,Bresenham,1987-12-16,9999-01-01,Senior Staff
22455,Barry,Unno,1990-11-16,9999-01-01,Senior Staff
22926,Manibrata,Genther,1988-01-15,9999-01-01,Engineer
23396,Hilari,Fairtlough,1986-12-15,9999-01-01,Technique Leader
24080,Jaana,Perez,1996-03-11,9999-01-01,Technique Leader
24205,Roddy,Rubsam,1993-09-19,9999-01-01,Senior Engineer
24377,Lubomir,Wroclawski,1993-07-25,9999-01-01,Engineer
24394,Zhonghui,Conta,1994-09-10,9999-01-01,Staff
24553,Anwar,Passafiume,1987-01-30,9999-01-01,Senior Staff
24571,Cordelia,Gischer,1989-03-14,9999-01-01,Engineer
25488,Ingmar,Basawa,1991-11-09,9999-01-01,Senior Staff
26629,Nevin,Rodham,1998-12-14,9999-01-01,Senior Staff
26671,Jiakeng,Kalorkoti,1994-12-25,9999-01-01,Engineer
26788,Zongyan,Dalphin,1988-04-23,9999-01-01,Engineer
27331,Wanqing,Krohm,1991-01-22,9999-01-01,Senior Staff
27378,Piyawadee,Leppanen,1999-02-25,9999-01-01,Senior Staff
27620,Shuji,Kandlur,1990-03-02,9999-01-01,Engineer
27686,Manu,Rosiles,1998-03-03,9999-01-01,Senior Staff
27699,Falguni,Pezzoli,1996-12-23,9999-01-01,Engineer
27767,Tooru,Veldwijk,1993-11-21,9999-01-01,Senior Staff
28193,Xinglin,Mitsuhashi,1988-12-14,9999-01-01,Engineer
28974,Chenxi,Sundgren,1986-09-02,9999-01-01,Senior Engineer
28988,Tua,Giveon,1998-09-09,9999-01-01,Technique Leader
29130,Xumin,Thorensen,1998-04-26,9999-01-01,Staff
29265,Gilbert,Calkin,1988-03-21,9999-01-01,Senior Staff
29380,Satoru,Vidal,1998-05-02,9999-01-01,Assistant Engineer
29418,Valery,Mersereau,1998-07-01,9999-01-01,Assistant Engineer
29679,Kolar,Steenbeek,1986-10-18,9999-01-01,Senior Engineer
29782,Jouko,Hellwagner,1994-12-21,9999-01-01,Senior Engineer
29954,Pranay,Giarratana,1992-09-29,9999-01-01,Senior Engineer
30007,Kousuke,Vecchio,1990-02-23,9999-01-01,Engineer
30035,Tetsushi,Conta,1995-07-04,9999-01-01,Senior Staff
30154,Mayuko,Skafidas,1999-04-19,9999-01-01,Technique Leader
30182,Leon,Potthoff,1985-12-08,9999-01-01,Engineer
30465,Randi,Avouris,1986-07-16,9999-01-01,Engineer
30484,Sailaja,Chvatal,1999-05-18,9999-01-01,Staff
30695,Gudjon,Majewski,1999-10-26,9999-01-01,Senior Engineer
30938,Yakkov,Samarati,1995-05-23,9999-01-01,Senior Staff
31147,Divine,Sidhu,1989-07-05,9999-01-01,Senior Staff
31188,Leandro,Gist,1993-02-03,9999-01-01,Technique Leader
31207,Abdelwaheb,Dulin,1993-08-05,9999-01-01,Senior Engineer
31341,Oksana,Zultner,1991-03-23,9999-01-01,Senior Staff
31514,Harngdar,Schapire,1996-11-09,9999-01-01,Engineer
31568,Mark,Lalonde,1996-11-24,9999-01-01,Staff
31909,Murthy,Peek,1994-07-19,9999-01-01,Engineer
32347,Terresa,Peres,1990-09-15,9999-01-01,Senior Staff
32552,Atreye,Stanger,1993-09-10,9999-01-01,Assistant Engineer
32649,Ingmar,Nannarelli,1988-06-10,9999-01-01,Senior Staff
32714,Radoslaw,Maliniak,1997-11-17,9999-01-01,Staff
32844,Tadahiko,Melton,1995-01-07,9999-01-01,Engineer
33025,Jessie,Thorelli,1999-12-16,9999-01-01,Senior Staff
33215,Steen,Fasbender,1993-02-14,9999-01-01,Technique Leader
33722,Anwar,Collette,1994-03-22,9999-01-01,Senior Engineer
34077,Angel,Sichman,1988-11-16,9999-01-01,Senior Staff
34261,Kyoichi,Callaway,1990-12-30,9999-01-01,Senior Staff
34446,Chinhyun,Bauknecht,1986-12-19,9999-01-01,Senior Engineer
34452,Naftaly,Foong,1991-05-10,9999-01-01,Engineer
34505,Felicidad,Kumaresan,1994-09-06,9999-01-01,Senior Staff
34533,Erzsebet,Shigei,1991-01-21,9999-01-01,Senior Engineer
34780,Moni,Kohling,1994-07-21,9999-01-01,Staff
34788,Ennio,Babu,1994-08-31,9999-01-01,Senior Engineer
34936,Bokyung,Stamatiou,1991-02-12,9999-01-01,Technique Leader
35044,Jiang,Waschkowski,1989-05-27,9999-01-01,Engineer
35087,Leif,Ashish,1994-10-14,9999-01-01,Senior Staff
35441,Chandrasekaran,Peek,1988-02-07,9999-01-01,Engineer
35642,Ashish,Talmon,1995-06-13,9999-01-01,Engineer
35793,Oscar,Kusalik,1991-05-11,9999-01-01,Senior Staff
35798,Ulf,Oberman,1997-03-15,9999-01-01,Senior Engineer
36521,Serif,Gladwell,1987-03-06,9999-01-01,Senior Staff
36626,Fen,Genin,1986-05-09,9999-01-01,Senior Staff
36733,Uma,Reinhard,1997-11-01,9999-01-01,Staff
36844,Hailing,Levergood,2000-01-12,9999-01-01,Staff
36982,Kotesh,Rajala,1992-06-23,9999-01-01,Engineer
37070,Jeong,Undy,1985-02-13,9999-01-01,Senior Staff
37945,Suzette,Butterworth,1994-02-19,9999-01-01,Senior Engineer
38043,Michaela,Randi,1985-11-23,9999-01-01,Engineer
38103,Masasuke,Babu,1988-03-31,9999-01-01,Engineer
38168,Fumiko,Deverell,1987-08-15,9999-01-01,Senior Staff
38550,JoAnne,Baez,1987-02-16,9999-01-01,Senior Engineer
38593,Huei,Orsini,1986-06-04,9999-01-01,Engineer
38947,Shuichi,Ruemmler,1991-03-08,9999-01-01,Senior Staff
39000,Martijn,Vendrig,1997-03-03,9999-01-01,Senior Staff
39036,Changho,Cappelli,1996-05-04,9999-01-01,Staff
39301,Rimon,Kawashima,1992-02-06,9999-01-01,Senior Staff
39341,Mahmut,Lampe,1985-05-11,9999-01-01,Engineer
39952,Otmar,Sudbeck,1998-07-22,9999-01-01,Staff
40269,Toshiki,Ghazalie,1991-12-05,9999-01-01,Senior Staff
40283,Sudhanshu,Boissier,1985-05-11,9999-01-01,Engineer
40301,Spyrose,Felder,1996-06-16,9999-01-01,Senior Engineer
40536,Harngdar,Bernardinello,1988-02-29,9999-01-01,Engineer
40765,Michaela,Ramsak,1992-12-21,9999-01-01,Senior Staff
40773,Shimshon,Aingworth,1986-04-13,9999-01-01,Senior Staff
40983,Marla,Cherinka,1986-12-01,9999-01-01,Technique Leader
41114,Petter,Thummel,1995-12-24,9999-01-01,Technique Leader
41137,Bikash,Buchter,1987-11-23,9999-01-01,Senior Staff
41357,Willard,Vernadat,1997-03-04,9999-01-01,Engineer
41518,Keung,Schapiro,1998-04-19,9999-01-01,Senior Engineer
41520,Xiong,Uhrik,1988-03-21,9999-01-01,Senior Engineer
41609,Yucai,Simmen,1987-10-13,9999-01-01,Senior Staff
42778,Shuji,Remmers,1987-12-18,9999-01-01,Senior Staff
42911,Brigham,Eterovic,1994-10-08,9999-01-01,Engineer
42950,Shaleah,Eickenmeyer,1993-10-09,9999-01-01,Senior Staff
42955,Yucel,Lortz,1995-02-21,9999-01-01,Engineer
43154,Maha,Waterhouse,1997-07-04,9999-01-01,Senior Staff
43733,Huei,Boguraev,1993-12-31,9999-01-01,Senior Staff
43848,Phillip,Oxenboll,1999-05-26,9999-01-01,Engineer
44054,Alenka,Ritcey,1997-02-09,9999-01-01,Engineer
44265,Maria,Eppinger,1997-01-30,9999-01-01,Engineer
44540,Mingzeng,Sadowski,1989-11-12,9999-01-01,Senior Engineer
44900,Mark,Schwaller,1994-08-10,9999-01-01,Senior Staff
44959,Volkmar,Uhrik,1988-01-16,9999-01-01,Engineer
44962,Sariel,Wynblatt,1996-05-18,9999-01-01,Assistant Engineer
45162,Dulce,Speel,1987-10-19,9999-01-01,Engineer
46000,Zhaofang,Penn,1997-07-24,9999-01-01,Senior Staff
46328,Wuxu,Trogemann,1997-01-27,9999-01-01,Senior Staff
46811,Junsik,Berendt,1988-04-27,9999-01-01,Senior Engineer
46834,Tooru,Daescu,1998-03-20,9999-01-01,Senior Staff
46943,Pasqua,Maraist,1993-12-06,9999-01-01,Engineer
47016,Toong,Litecky,1989-03-01,9999-01-01,Senior Staff
47139,Marco,Usdin,1996-10-29,9999-01-01,Engineer
47262,Gonzalo,Binkley,1985-08-16,9999-01-01,Engineer
47515,Naraig,Jenevein,1987-01-18,9999-01-01,Senior Engineer
47702,Juyoung,Vieri,1991-08-12,9999-01-01,Senior Staff
47708,Edwin,Haldar,1995-07-12,9999-01-01,Senior Staff
48275,Sariel,Massonet,1987-11-20,9999-01-01,Senior Staff
48690,Hitomi,Schaap,1999-09-27,9999-01-01,Staff
48882,Leen,Lamparter,1993-06-07,9999-01-01,Engineer
48904,Yuichiro,Malabarba,1994-03-07,9999-01-01,Senior Staff
48947,Filipp,Akaboshi,1992-05-20,9999-01-01,Senior Staff
49010,Kazuhisa,Benantar,1989-10-23,9999-01-01,Senior Staff
49017,Filipp,Flanders,1990-11-26,9999-01-01,Engineer
49119,Lena,Peek,1991-05-16,9999-01-01,Engineer
49177,Tze,Bach,1999-03-09,9999-01-01,Engineer
49464,Siddarth,Cappelletti,1999-09-10,9999-01-01,Staff
49477,Baocai,Leaver,1998-08-05,9999-01-01,Senior Staff
50293,Xinan,Rindone,1996-10-08,9999-01-01,Engineer
50311,Mooi,Stafford,1996-10-06,9999-01-01,Senior Engineer
50453,Aron,Harbusch,1997-10-02,9999-01-01,Staff
50670,Boguslaw,Snedden,1985-02-20,9999-01-01,Senior Staff
50831,Marie,Khalid,1990-10-27,9999-01-01,Senior Engineer
51036,Chriss,Fasbender,1995-05-23,9999-01-01,Staff
51057,Theirry,Albarhamtoshy,1991-09-27,9999-01-01,Senior Staff
51060,Youngkon,Rohrbach,1989-10-20,9999-01-01,Engineer
51142,Rosine,Lakshmanan,1986-01-31,9999-01-01,Engineer
52038,Chikako,Armand,1985-05-18,9999-01-01,Senior Engineer
52040,Phule,Heijenga,1992-02-22,9999-01-01,Senior Staff
52283,Trygve,Krupka,1994-03-11,9999-01-01,Senior Staff
52386,Adas,Denti,1986-05-30,9999-01-01,Senior Staff
52590,Jouni,Munoz,1995-11-26,9999-01-01,Senior Staff
52599,Augustine,Mungall,1987-08-31,9999-01-01,Engineer
52639,Arup,Colorni,1996-02-05,9999-01-01,Senior Staff
52770,Shugo,Yurek,1992-08-28,9999-01-01,Senior Staff
52778,Alain,Penn,1986-05-03,9999-01-01,Technique Leader
52956,Khalil,Picci,1987-03-21,9999-01-01,Engineer
52970,Lobel,Werthner,1988-03-17,9999-01-01,Engineer
53278,Premsyl,Lortz,1993-02-01,9999-01-01,Senior Staff
53314,Eberhardt,Carrera,1999-02-23,9999-01-01,Staff
53431,Sham,Vasanthakumar,1985-10-24,9999-01-01,Senior Staff
53499,Zdislav,Mandelberg,1994-09-11,9999-01-01,Engineer
53597,Jiafu,Marchegay,1985-03-02,9999-01-01,Engineer
53874,Bodo,Schade,1986-02-14,9999-01-01,Senior Staff
53924,Arnould,Gaughan,1991-01-23,9999-01-01,Engineer
54198,Shaowen,Segond,1986-01-06,9999-01-01,Engineer
54632,Etsuo,Serot,1989-06-14,9999-01-01,Senior Staff
54795,Sumant,Nergos,1993-05-07,9999-01-01,Senior Staff
54800,Breannda,Cangellaris,2000-01-27,9999-01-01,Staff
55640,Adit,Syrotiuk,1993-07-16,9999-01-01,Engineer
55687,Shih,Lindqvist,1995-03-29,9999-01-01,Senior Engineer
55799,Jianwen,Litzler,1987-06-17,9999-01-01,Engineer
55857,Adin,Scallan,1987-09-15,9999-01-01,Senior Staff
56105,Makato,Remmers,1989-04-16,9999-01-01,Engineer
56209,Remzi,Douceur,1992-12-01,9999-01-01,Engineer
56415,Sigeru,Nivat,1991-10-24,9999-01-01,Senior Staff
56428,Olivera,Hanabata,1986-11-10,9999-01-01,Senior Staff
56682,Roded,Picco,1993-11-06,9999-01-01,Assistant Engineer
56829,Nagui,Gruenwald,1995-12-24,9999-01-01,Engineer
56847,Menkae,Chinin,1989-08-19,9999-01-01,Senior Engineer
57934,Sanjoy,Boudaillier,1989-12-27,9999-01-01,Engineer
58141,Bezalel,Karner,1994-09-27,9999-01-01,Staff
58147,Shigenori,Sullins,1988-02-24,9999-01-01,Senior Staff
58384,Mariusz,Vural,1993-11-14,9999-01-01,Engineer
58454,Ziya,Zambonelli,1999-06-29,9999-01-01,Engineer
58497,Yechiam,Cairo,1996-07-12,9999-01-01,Senior Staff
58819,Gennady,Liesche,1987-12-02,9999-01-01,Senior Staff
58990,Palash,Trelles,1998-11-18,9999-01-01,Engineer
59195,Ronnie,Pollock,1990-06-19,9999-01-01,Technique Leader
59640,Zita,Hiltgen,1999-01-26,9999-01-01,Staff
59869,Zsolt,Riefers,1987-09-25,9999-01-01,Senior Staff
59966,Steen,Salvesen,1993-02-03,9999-01-01,Technique Leader
60000,Heekeun,Emmart,1995-09-23,9999-01-01,Assistant Engineer
60091,Surveyors,Bade,1990-04-11,9999-01-01,Senior Staff
60238,Erzsebet,Claffy,1997-03-03,9999-01-01,Staff
60559,Jeanna,Stemann,1988-08-29,9999-01-01,Engineer
60821,Moty,Mersereau,1991-09-03,9999-01-01,Senior Staff
60845,Bedir,Siegrist,1997-05-13,9999-01-01,Engineer
60875,Rildo,Masaki,1990-01-14,9999-01-01,Engineer
60959,Tetsushi,Sridhar,1989-01-12,9999-01-01,Senior Staff
61147,Leszek,Werthner,1999-03-03,9999-01-01,Staff
61253,Cheong,Uhrik,1996-06-04,9999-01-01,Engineer
61377,Dannz,Ohori,1988-01-18,9999-01-01,Senior Staff
61541,Kasidit,Papsdorf,1993-08-17,9999-01-01,Engineer
61873,Woody,Rusmann,1993-02-26,9999-01-01,Assistant Engineer
62033,Heeju,Cappelli,1987-01-15,9999-01-01,Engineer
62046,Karlis,Nanard,1992-09-19,9999-01-01,Engineer
62245,Adel,Bressoud,1995-08-30,9999-01-01,Engineer
63294,Tetsushi,Tanemo,1997-03-01,9999-01-01,Engineer
63419,Hiroyasu,Seuren,1989-03-05,9999-01-01,Senior Engineer
63441,Hinrich,Scallan,1999-04-04,9999-01-01,Staff
63566,Heekeun,Slaats,1999-01-12,9999-01-01,Senior Staff
63631,Falguni,Cherinka,1986-09-08,9999-01-01,Senior Engineer
63706,Sedat,Itzigehl,1997-07-31,9999-01-01,Engineer
64023,Laurentiu,Benzmuller,1999-11-08,9999-01-01,Senior Engineer
64209,Golgen,Schoegge,1988-02-26,9999-01-01,Senior Staff
64487,Tsutomu,Rebaine,1986-09-17,9999-01-01,Engineer
64532,Atilio,Segond,1990-11-29,9999-01-01,Engineer
64632,Zsolt,Brender,1996-02-21,9999-01-01,Senior Staff
64790,Shin,Piveteau,1985-04-19,9999-01-01,Engineer
64828,Krister,Pappas,1999-09-30,9999-01-01,Staff
64984,Eldridge,Eldridge,1986-06-24,9999-01-01,Engineer
65171,Jeane,Tasistro,1994-07-06,9999-01-01,Technique Leader
65539,Aksel,Picaronny,1991-01-27,9999-01-01,Engineer
65883,Patricia,Pepe,1991-04-19,9999-01-01,Senior Staff
65998,Mandell,Alameldin,1989-04-08,9999-01-01,Senior Staff
66382,Domenico,Candan,1997-07-13,9999-01-01,Engineer
66530,Dung,Leaver,1998-04-04,9999-01-01,Staff
66643,Jianhao,Tomescu,1996-08-26,9999-01-01,Engineer
66702,Deniz,Thibadeau,1994-09-27,9999-01-01,Engineer
66757,Yonghong,Baig,1999-04-10,9999-01-01,Staff
66807,Aiman,Rosaz,1990-05-22,9999-01-01,Engineer
67320,Sadok,Lorys,1987-05-10,9999-01-01,Senior Staff
67548,Fumitaka,Roohalamini,1998-06-27,9999-01-01,Staff
67934,Aiman,Gargeya,1985-03-07,9999-01-01,Engineer
68416,Munenori,Debuse,1990-11-08,9999-01-01,Senior Engineer
68608,Yucai,Seghrouchni,1989-06-09,9999-01-01,Engineer
68633,Chinhyun,Rassart,1993-07-29,9999-01-01,Senior Engineer
68648,Jaques,DiGiano,1992-04-01,9999-01-01,Technique Leader
69052,Shietung,Shrader,1995-08-05,9999-01-01,Senior Staff
69219,Shuky,Redmiles,1994-07-06,9999-01-01,Senior Staff
69867,Miyeon,Rothe,1991-04-09,9999-01-01,Senior Staff
69878,Chinya,Cooke,1997-01-29,9999-01-01,Engineer
69936,Lalit,Unni,1998-12-06,9999-01-01,Assistant Engineer
70469,Tru,Miyakawa,1990-09-03,9999-01-01,Senior Staff
70990,Arumugam,Nitta,1990-03-23,9999-01-01,Senior Engineer
71066,Domenick,Basart,1996-01-05,9999-01-01,Senior Staff
71141,Sajjad,Vitiello,1992-02-17,9999-01-01,Senior Staff
71188,Pranjal,Schapiro,1986-12-14,9999-01-01,Senior Staff
71243,Kinh,Buchter,1986-03-29,9999-01-01,Engineer
71334,Cathie,Peck,1993-04-12,9999-01-01,Engineer
71685,Kristinn,Olano,1989-10-03,9999-01-01,Senior Engineer
71710,Hitomi,Takanami,1997-12-15,9999-01-01,Assistant Engineer
71745,Adil,Laventhal,1992-05-13,9999-01-01,Assistant Engineer
72190,Sajjad,Waeselynck,1999-09-13,9999-01-01,Engineer
72194,Feiyu,Siepmann,1998-10-01,9999-01-01,Senior Engineer
72232,Naraig,Veldwijk,1989-07-10,9999-01-01,Engineer
72640,Honglan,Hutton,1993-10-04,9999-01-01,Engineer
72918,Takahira,Szilard,1988-01-16,9999-01-01,Senior Staff
73076,Froduald,Feldhoffer,1993-03-16,9999-01-01,Senior Engineer
73233,Shigeo,Merey,1985-07-30,9999-01-01,Senior Engineer
73516,Qingxiang,Badache,1989-06-25,9999-01-01,Engineer
73743,Anneke,Bernardeschi,1999-11-01,9999-01-01,Engineer
74200,Holgard,Weiland,1991-09-24,9999-01-01,Senior Engineer
74344,Hiroyasu,Provine,1994-11-25,9999-01-01,Engineer
74668,Masako,Bonifati,1987-04-09,9999-01-01,Senior Staff
74800,Yuuichi,Conde,1989-03-08,9999-01-01,Assistant Engineer
75354,Shuky,Jakobus,1986-06-16,9999-01-01,Engineer
75703,Kyoichi,Erman,1996-07-25,9999-01-01,Engineer
76189,Kolar,Hinsberger,1986-10-20,9999-01-01,Engineer
76201,Arif,Preusig,1992-04-02,9999-01-01,Senior Engineer
76640,Tristan,Mitsuhashi,1994-07-13,9999-01-01,Engineer
77030,Faiza,Garnham,1986-03-02,9999-01-01,Technique Leader
77303,Xinglin,Birge,1992-03-05,9999-01-01,Senior Staff
77647,Niranjan,Schaaf,1989-11-05,9999-01-01,Technique Leader
77815,Ronghao,Picaronny,1993-06-09,9999-01-01,Assistant Engineer
78106,Ashish,Ratnaker,1986-11-10,9999-01-01,Senior Staff
78363,Susumu,Fritzsche,1998-06-23,9999-01-01,Engineer
78469,Leucio,Cappelli,1997-08-22,9999-01-01,Staff
78871,Conor,Ghandeharizadeh,1985-05-25,9999-01-01,Senior Engineer
79043,Katsuo,Hockney,1999-11-07,9999-01-01,Technique Leader
79171,Guiseppe,Ellozy,1991-01-12,9999-01-01,Senior Engineer
79310,Jeong,Cunliffe,1996-10-27,9999-01-01,Senior Staff
79606,Arnd,Peir,1986-12-11,9999-01-01,Senior Engineer
79763,Sanjoy,Barreiro,1988-04-09,9999-01-01,Senior Staff
79895,Fei,Murtagh,1986-01-19,9999-01-01,Senior Staff
80067,Kazuhisa,Weiland,1985-11-09,9999-01-01,Senior Staff
80203,Shakhar,Baik,1993-12-01,9999-01-01,Staff
80432,Stella,Figueira,1990-03-14,9999-01-01,Senior Staff
80731,Shaowen,Eldridge,1987-12-05,9999-01-01,Senior Staff
80850,Koldo,Luit,1995-04-16,9999-01-01,Engineer
80889,Shigeo,Linnainmaa,1985-07-30,9999-01-01,Senior Engineer
80948,Harjit,Bardell,1991-05-24,9999-01-01,Engineer
81105,Jaewon,Boissier,1992-05-24,9999-01-01,Engineer
81545,Larisa,Kornyak,1996-03-10,9999-01-01,Technique Leader
81644,Divine,Ghandeharizadeh,1997-11-28,9999-01-01,Staff
81995,Sreekrishna,Brender,1990-03-22,9999-01-01,Engineer
82069,Yechezkel,Perfilyeva,1994-11-03,9999-01-01,Engineer
82098,Poornachandra,Wilharm,1991-04-20,9999-01-01,Engineer
82351,Stevo,Thambidurai,1989-10-27,9999-01-01,Senior Staff
82511,Uwe,Koblick,1998-04-04,9999-01-01,Engineer
82919,Shigeu,Claffy,1998-02-03,9999-01-01,Engineer
82928,Alselm,Rikino,1990-11-16,9999-01-01,Engineer
83280,Francesca,Ellozy,1999-08-08,9999-01-01,Senior Engineer
83289,Shigeichiro,Engelmann,1994-01-09,9999-01-01,Engineer
83509,Breannda,Collavizza,1989-10-12,9999-01-01,Engineer
83544,Leaf,Baak,1994-09-05,9999-01-01,Senior Staff
83714,Ohad,Kilgore,1990-07-01,9999-01-01,Engineer
83805,Manohar,Harllee,1987-03-11,9999-01-01,Senior Engineer
83941,Zsolt,Hagimont,1996-10-08,9999-01-01,Senior Staff
84029,Babette,Eugenio,1997-09-21,9999-01-01,Staff
84179,Shuichi,Nanard,1989-03-14,9999-01-01,Senior Engineer
84236,Eberhardt,Barriga,1987-06-04,9999-01-01,Senior Staff
84315,Kristina,Baumann,1996-09-26,9999-01-01,Assistant Engineer
84451,Shiv,Aumann,1998-06-14,9999-01-01,Senior Engineer
84508,Tommaso,Vidya,1998-05-02,9999-01-01,Engineer
84840,Sverrir,Neimat,1996-11-03,9999-01-01,Staff
84922,Parke,Unno,1996-07-01,9999-01-01,Engineer
84942,Shin,Fujisaki,1988-02-23,9999-01-01,Technique Leader
85216,Ferdinand,Rosiles,1997-07-08,9999-01-01,Senior Staff
85288,Younwoo,Luders,1995-03-31,9999-01-01,Engineer
85414,Chiradeep,Callaway,1999-07-30,9999-01-01,Staff
85445,Yongdong,Pollock,1998-03-17,9999-01-01,Staff
85702,Udi,Merks,1997-08-15,9999-01-01,Engineer
85874,Pasqua,Taubman,1986-06-23,9999-01-01,Senior Staff
86213,Kristine,Clemencon,1990-04-22,9999-01-01,Senior Staff
86354,Ronghao,Segond,1993-09-13,9999-01-01,Senior Engineer
86422,Jaewon,Thummel,1985-09-14,9999-01-01,Senior Staff
86546,Oldrich,Woycyznski,1985-05-15,9999-01-01,Engineer
86655,Zhenhua,Lorys,1995-08-21,9999-01-01,Engineer
86672,JoAnne,Anido,1995-09-15,9999-01-01,Staff
87129,Keung,Neiman,1997-04-13,9999-01-01,Staff
87353,Quingbo,Coombs,1999-01-17,9999-01-01,Senior Engineer
87714,Khun,Janetzko,1989-09-13,9999-01-01,Assistant Engineer
87729,Yongmin,Roccetti,1986-12-10,9999-01-01,Senior Staff
87783,Conor,Thorensen,1988-02-24,9999-01-01,Senior Engineer
88103,Goo,Bresenham,1999-01-31,9999-01-01,Senior Staff
88411,Lena,Cannane,2000-01-28,9999-01-01,Engineer
88422,Jungsoon,Birsak,1985-04-03,9999-01-01,Technique Leader
88647,Vasiliy,Ratnaker,1995-08-09,9999-01-01,Engineer
88958,Vojin,Coombs,1995-07-23,9999-01-01,Senior Staff
88965,Mang,Hedayat,1995-05-22,9999-01-01,Engineer
89048,Otmar,Birjandi,1985-03-23,9999-01-01,Engineer
89090,Tetsushi,Theuretzbacher,1990-02-01,9999-01-01,Senior Staff
89161,Conal,Yetto,1991-01-12,9999-01-01,Senior Staff
89207,Along,Erol,1992-10-16,9999-01-01,Senior Staff
89346,Mansur,Comyn,1999-08-31,9999-01-01,Engineer
89590,Guther,Rothenberg,1991-08-08,9999-01-01,Senior Staff
89664,Pranjal,Rossi,1998-07-07,9999-01-01,Staff
89680,Aiman,Mawatari,1988-05-01,9999-01-01,Engineer
89806,Xiadong,Shinomoto,1997-05-24,9999-01-01,Engineer
89922,Alexius,Ibel,1988-04-24,9999-01-01,Engineer
89941,Arnould,Weedman,1989-07-28,9999-01-01,Senior Staff
90077,Vivian,Guerreiro,1991-07-08,9999-01-01,Assistant Engineer
90084,Renny,Bale,1989-11-22,9999-01-01,Engineer
90211,Bader,Denis,1997-10-06,9999-01-01,Engineer
90292,Koichi,Assaf,1990-05-26,9999-01-01,Engineer
90518,Fumiko,Chepyzhov,1988-01-28,9999-01-01,Senior Staff
90614,Yonghoan,Trogemann,1988-09-23,9999-01-01,Assistant Engineer
90692,Rajmohan,DasSarma,1985-09-14,9999-01-01,Senior Staff
91172,Kazuhisa,Melter,1987-07-16,9999-01-01,Senior Staff
91182,Lucien,Schwartzburd,1988-08-25,9999-01-01,Engineer
91229,Yahiko,Hebden,1996-10-03,9999-01-01,Engineer
91256,Gunilla,Milicic,1998-01-09,9999-01-01,Staff
91333,Lobel,Stafford,1998-11-29,9999-01-01,Staff
91415,Jamaludin,Nilsson,1987-01-15,9999-01-01,Senior Staff
91648,Dmitry,Msuda,1988-10-22,9999-01-01,Senior Staff
92438,Aria,Kilgore,1989-02-27,9999-01-01,Engineer
92454,Visit,McFarlan,1987-10-22,9999-01-01,Engineer
92577,Zhanqiu,Farrow,1999-01-10,9999-01-01,Assistant Engineer
92598,Ranga,Merro,1996-05-11,9999-01-01,Assistant Engineer
92685,Mang,Atchley,1995-06-07,9999-01-01,Senior Staff
92841,Claude,Candan,1993-08-04,9999-01-01,Senior Staff
92846,Anyuan,Kropatsch,1986-09-05,9999-01-01,Senior Staff
92920,Huei,Hutter,1993-01-28,9999-01-01,Engineer
93040,Jaques,Kabayashi,1992-03-13,9999-01-01,Senior Engineer
93220,Richara,Walston,1996-08-27,9999-01-01,Senior Engineer
93278,Magdalena,Penn,1997-01-04,9999-01-01,Engineer
93549,Arie,Coullard,1991-04-15,9999-01-01,Senior Staff
93600,Kristina,Neimat,1988-04-18,9999-01-01,Technique Leader
94331,Ramzi,Cronau,1999-09-03,9999-01-01,Technique Leader
94416,Aran,Cesareni,1990-02-10,9999-01-01,Senior Staff
94761,Hitofumi,Zaccaria,1988-11-22,9999-01-01,Engineer
94944,Heping,Matheson,1988-06-24,9999-01-01,Engineer
95181,Yishai,Cappelli,1997-01-30,9999-01-01,Staff
95286,Kristin,Guerreiro,1989-08-23,9999-01-01,Engineer
95314,Rasiah,Koblick,1991-08-21,9999-01-01,Senior Staff
95406,Alair,Lyonns,1997-07-12,9999-01-01,Engineer
95416,Gianluca,Ramaiah,1993-11-29,9999-01-01,Engineer
95509,Kristinn,Loncour,1995-02-08,9999-01-01,Engineer
95920,Nobuyoshi,Hegner,1994-09-07,9999-01-01,Senior Staff
96571,Kokou,Garrabrants,1997-11-05,9999-01-01,Senior Engineer
96579,Mohan,Tasistro,1996-02-10,9999-01-01,Engineer
96767,Arumugam,Vecchio,1985-08-14,9999-01-01,Engineer
97018,Jeanna,Chinen,1989-01-01,9999-01-01,Engineer
97623,Haldon,Janetzko,1990-09-11,9999-01-01,Senior Staff
97661,Avishai,Hegner,1993-05-08,9999-01-01,Senior Staff
98288,Sumali,Huttel,1989-09-12,9999-01-01,Senior Staff
98306,Ziya,Kadhim,1995-11-02,9999-01-01,Senior Engineer
98639,Florina,Assaf,1996-05-18,9999-01-01,Staff
99057,Shugo,Reeken,1999-06-21,9999-01-01,Staff
99373,Xiaobin,Christianini,1985-12-25,9999-01-01,Senior Staff
99377,Carrsten,Francisci,1991-06-16,9999-01-01,Senior Engineer
99590,Dhritiman,Anily,1998-12-16,9999-01-01,Staff
99654,Mahendra,Motley,1985-09-28,9999-01-01,Senior Staff
100865,Hisao,Peral,1990-10-03,9999-01-01,Engineer
100916,Heejo,Aamodt,1992-04-22,9999-01-01,Engineer
101487,Abdelaziz,Sury,1991-01-31,9999-01-01,Senior Staff
101647,Mori,Homond,1994-05-10,9999-01-01,Senior Staff
101902,Mantis,Millington,1991-03-18,9999-01-01,Senior Staff
102620,Adin,Templeman,1997-12-10,9999-01-01,Engineer
103196,Djenana,Albarhamtoshy,1988-07-16,9999-01-01,Senior Staff
103310,Visit,Swen,1995-10-02,9999-01-01,Senior Staff
103316,Susanne,Peternell,1994-07-27,9999-01-01,Engineer
103342,Beshir,Hellwagner,1998-02-03,9999-01-01,Engineer
103756,Heping,Halloran,1992-04-08,9999-01-01,Assistant Engineer
104133,Pranjal,Zyda,1991-07-03,9999-01-01,Senior Staff
104845,Werner,Lodder,1992-06-17,9999-01-01,Senior Staff
104988,Parviz,Litzler,1992-08-08,9999-01-01,Engineer
105342,Kwun,Reeker,1999-07-29,9999-01-01,Technique Leader
105356,Diederik,Matzov,1988-05-12,9999-01-01,Engineer
105432,Mohamadou,Stafford,1995-09-12,9999-01-01,Engineer
105520,Haldun,Lienhardt,1987-01-29,9999-01-01,Senior Staff
105731,Sachem,Cromarty,1990-08-20,9999-01-01,Assistant Engineer
106096,Naftali,Schurmann,1992-12-02,9999-01-01,Engineer
106242,Nevio,Thisen,1988-03-25,9999-01-01,Senior Staff
106695,Lijie,Garrabrants,1985-10-02,9999-01-01,Senior Staff
106710,Babette,Anandan,1986-11-22,9999-01-01,Senior Staff
107486,Siamak,Luiz,1987-02-11,9999-01-01,Senior Engineer
107737,Fabrizio,Chleq,1999-07-31,9999-01-01,Senior Engineer
107792,Shahab,Crooks,1992-03-18,9999-01-01,Senior Staff
107828,Ramya,Walston,1989-02-03,9999-01-01,Senior Staff
108091,Hisao,Ghemri,1985-11-14,9999-01-01,Senior Staff
108198,Randi,Samarati,1992-10-20,9999-01-01,Senior Staff
108316,Shai,Stellhorn,1992-05-21,9999-01-01,Senior Engineer
108988,Oksana,Baek,1989-07-20,9999-01-01,Senior Staff
109062,Jamaludin,Kandlur,1992-06-19,9999-01-01,Senior Engineer
109211,Gor,Delgrande,1995-11-07,9999-01-01,Engineer
109252,Moty,Winter,1991-04-28,9999-01-01,Technique Leader
109278,Bangqing,Schach,1988-03-22,9999-01-01,Senior Staff
109552,Menkae,Etalle,1997-05-21,9999-01-01,Assistant Engineer
109598,Stamatina,Auyong,1988-07-05,9999-01-01,Senior Staff
109620,Mani,Cannata,1989-06-21,9999-01-01,Senior Staff
109703,Arco,Walston,1999-08-16,9999-01-01,Engineer
109741,Hatem,Fadgyas,1991-11-13,9999-01-01,Senior Engineer
109953,Godehard,Chorvat,1988-04-10,9999-01-01,Senior Staff
200267,Chuanti,Luff,1994-09-21,9999-01-01,Senior Staff
200312,Akemi,Fujisaki,1998-06-25,9999-01-01,Senior Engineer
200363,Kirk,Quaggetto,1987-06-30,9999-01-01,Engineer
200735,Dinah,Denos,1992-09-21,9999-01-01,Senior Staff
200789,Susumu,Camurati,1991-12-15,9999-01-01,Senior Staff
201229,Alejandra,Khasidashvili,1994-07-30,9999-01-01,Staff
201708,Anneli,Perl,1992-09-08,9999-01-01,Senior Staff
201709,Fan,Kakkad,1988-02-25,9999-01-01,Senior Staff
201739,Genta,Terekhov,1998-07-21,9999-01-01,Assistant Engineer
201801,Waiman,Genin,1988-10-30,9999-01-01,Engineer
201915,Sudharsan,DeMori,1992-03-30,9999-01-01,Engineer
202291,Ortrun,Schmiedel,1997-07-18,9999-01-01,Engineer
202403,Gully,Perko,1999-07-07,9999-01-01,Engineer
202414,Zvonko,Murthy,1992-01-07,9999-01-01,Senior Staff
202552,Morris,Saoudi,1991-11-22,9999-01-01,Engineer
202826,Kerhong,Matzke,1986-11-14,9999-01-01,Engineer
202882,Isaac,Koshino,1995-09-28,9999-01-01,Senior Engineer
202950,Giordano,Pietrzykowski,1987-03-26,9999-01-01,Senior Staff
203474,Hugh,Jonsson,1991-07-06,9999-01-01,Senior Staff
203495,Zongyan,Gips,1997-05-31,9999-01-01,Technique Leader
203599,Ewing,DiGiano,2000-02-01,9999-01-01,Technique Leader
203720,Sasan,Thimonier,1996-08-21,9999-01-01,Senior Staff
203946,Yefim,Marwedel,1993-03-30,9999-01-01,Senior Staff
204117,Jessie,Nooteboom,1999-08-13,9999-01-01,Staff
204133,Susuma,Bergere,1996-02-25,9999-01-01,Senior Staff
204246,Arve,Worfolk,1985-04-01,9999-01-01,Senior Staff
204425,Gretta,Huttel,1990-10-08,9999-01-01,Senior Engineer
204470,Hein,Lichtner,1995-04-03,9999-01-01,Senior Staff
204471,Franziska,Maginnis,1986-02-17,9999-01-01,Engineer
204764,Susanne,Mandelberg,1990-11-02,9999-01-01,Engineer
205018,Yahiko,Awdeh,1998-08-05,9999-01-01,Engineer
205085,Moni,Kornyak,1991-09-26,9999-01-01,Technique Leader
205174,Leszek,Spinelli,1998-12-10,9999-01-01,Staff
205500,Mary,Setiz,1989-01-13,9999-01-01,Senior Engineer
205627,Stabislas,Broder,1996-07-16,9999-01-01,Engineer
205660,Kien,Barreiro,1997-08-25,9999-01-01,Staff
205699,Youjian,Yetto,1994-12-07,9999-01-01,Senior Staff
205789,Limsoon,Skafidas,1999-08-10,9999-01-01,Senior Staff
205863,Aiichiro,Kusalik,1990-10-04,9999-01-01,Engineer
206748,Yucai,Fabrizio,1999-10-06,9999-01-01,Staff
206836,Guadalupe,Pfau,1993-03-22,9999-01-01,Senior Staff
206966,Tzu,Sichman,1987-11-17,9999-01-01,Engineer
207021,Jacqueline,Akaboshi,1997-12-06,9999-01-01,Engineer
207068,Zhiguo,Ariola,1994-09-07,9999-01-01,Senior Staff
207204,Kellie,Schrooten,1991-01-17,9999-01-01,Assistant Engineer
207401,Shuji,Barbanera,1987-08-10,9999-01-01,Senior Staff
207551,Baziley,Falck,1995-02-18,9999-01-01,Assistant Engineer
207779,Chinya,Kamble,1992-05-31,9999-01-01,Senior Staff
207980,Remko,Vieth,1990-11-22,9999-01-01,Senior Staff
208147,Manu,Rothenberg,1988-12-06,9999-01-01,Engineer
208330,Shen,Flanders,1989-07-03,9999-01-01,Senior Staff
208639,Larisa,Lukaszewicz,1989-10-10,9999-01-01,Senior Staff
208653,Phillip,Schade,1989-03-03,9999-01-01,Engineer
208784,Pranjal,Juneja,1985-03-21,9999-01-01,Senior Engineer
209101,Xinyu,Edelhoff,1997-10-26,9999-01-01,Senior Engineer
209443,Krassimir,Garnier,1998-01-26,9999-01-01,Senior Staff
209565,Dante,Covnot,1989-05-28,9999-01-01,Senior Staff
209712,Nimmagadda,Baak,1987-10-30,9999-01-01,Assistant Engineer
210017,Shalesh,Lovengreen,1990-09-29,9999-01-01,Senior Staff
210292,Lihong,Zeilberger,1996-04-28,9999-01-01,Staff
210449,Gino,Lagarias,1997-06-22,9999-01-01,Engineer
210752,Saniya,Stenning,1986-12-10,9999-01-01,Senior Staff
210786,Werner,Ranze,1998-06-05,9999-01-01,Staff
211858,Domenico,Ratnaker,1985-03-24,9999-01-01,Engineer
211879,Gao,Ranze,1994-11-24,9999-01-01,Engineer
211967,Anwar,Bain,1989-01-22,9999-01-01,Engineer
212093,Leni,Henders,1993-11-19,9999-01-01,Senior Staff
212154,Sailaja,Holburn,1991-03-04,9999-01-01,Senior Staff
212361,Claudi,Stanfel,1996-01-07,9999-01-01,Engineer
213016,Yongmao,Fontan,1993-07-26,9999-01-01,Engineer
213140,Tru,Danecki,1997-03-31,9999-01-01,Staff
213384,Pranas,Narwekar,1985-09-26,9999-01-01,Engineer
213447,Armond,Perly,1989-09-14,9999-01-01,Engineer
214215,Xiaoqiang,Cardazo,1993-05-28,9999-01-01,Senior Staff
214391,Rayond,Klassen,1993-09-11,9999-01-01,Senior Staff
214427,Peer,Molberg,1996-11-17,9999-01-01,Engineer
214539,Ingmar,Kohling,1995-04-25,9999-01-01,Engineer
214634,Shirish,Vickson,1989-10-24,9999-01-01,Engineer
214789,Arfst,Chepyzhov,1989-02-06,9999-01-01,Engineer
214866,Gopalakrishnan,Angel,1997-07-05,9999-01-01,Engineer
214995,Dinkar,Hoppenstand,1994-05-04,9999-01-01,Engineer
215419,Flemming,Kroha,1995-01-23,9999-01-01,Staff
215629,Munehiro,Manders,1987-05-18,9999-01-01,Senior Staff
215746,Sven,Speer,1999-07-08,9999-01-01,Staff
215843,Pramod,Loncour,1987-03-31,9999-01-01,Senior Staff
216054,Sahrah,Angiulli,1986-07-31,9999-01-01,Senior Staff
216342,Aiichiro,Cromarty,1995-06-10,9999-01-01,Engineer
216375,Byong,Gustavson,1985-03-12,9999-01-01,Senior Engineer
216502,Xiaocheng,Suermann,1997-12-15,9999-01-01,Engineer
216573,Ashish,Vidya,1989-06-16,9999-01-01,Engineer
216921,Lena,Lenart,1990-12-25,9999-01-01,Senior Staff
217026,Otmar,Engberts,1993-08-16,9999-01-01,Senior Staff
217080,Masami,Puoti,2000-01-21,9999-01-01,Senior Engineer
217272,Yuchang,Eldridge,1986-08-01,9999-01-01,Senior Staff
217286,Yannik,Spelt,1992-09-22,9999-01-01,Technique Leader
217320,Abdelwaheb,Denis,1993-09-10,9999-01-01,Engineer
217363,Horward,Marzano,1996-04-11,9999-01-01,Staff
217387,Jianhao,Molenaar,1987-10-22,9999-01-01,Engineer
217551,Panayotis,Lukaszewicz,1989-06-06,9999-01-01,Engineer
217800,Shay,Servieres,1998-08-06,9999-01-01,Senior Staff
218022,Mokhtar,Poupard,1992-02-02,9999-01-01,Technique Leader
218100,Jiong,Garnham,1990-01-02,9999-01-01,Senior Staff
218831,Unal,DuBourdieux,1996-03-13,9999-01-01,Engineer
219035,Kristine,Bierman,1988-05-13,9999-01-01,Technique Leader
219047,Aemilian,Kusalik,1987-05-27,9999-01-01,Engineer
219052,Marsal,Acton,1995-08-02,9999-01-01,Staff
219417,Subhrajyoti,Denna,1996-07-25,9999-01-01,Staff
219497,Moie,Zastre,1991-10-11,9999-01-01,Technique Leader
219967,Susanna,Reeken,1998-03-16,9999-01-01,Senior Staff
220029,Demos,Asser,1985-11-04,9999-01-01,Senior Engineer
220131,Reinhard,Slaats,1994-06-08,9999-01-01,Engineer
220418,Poorav,Laventhal,1997-08-16,9999-01-01,Staff
220528,Sibyl,Rabehasaina,1998-02-23,9999-01-01,Senior Staff
220582,Poornachandra,Zielinski,1996-02-13,9999-01-01,Senior Staff
220611,Yuping,Babb,1995-01-31,9999-01-01,Senior Staff
220625,Shigenori,Deville,1992-12-24,9999-01-01,Technique Leader
220699,Nahid,Gyimothy,1995-08-18,9999-01-01,Staff
220799,Perla,Orlowska,1990-12-03,9999-01-01,Senior Engineer
221126,Tesuya,dAstous,1988-11-29,9999-01-01,Engineer
221367,Saddek,Farris,1990-11-06,9999-01-01,Senior Staff
221369,Abdulah,Pocchiola,1996-08-28,9999-01-01,Engineer
221435,Djenana,Marrevee,1994-02-06,9999-01-01,Engineer
221973,Sangeeta,Kalefeld,1990-06-06,9999-01-01,Senior Staff
222206,Stein,Uludag,1988-01-30,9999-01-01,Senior Staff
222311,Miyeon,Billingsley,1992-12-05,9999-01-01,Senior Engineer
222319,Matt,Chvatal,1994-11-09,9999-01-01,Senior Engineer
222354,Valdiodio,Schlumberger,1993-08-07,9999-01-01,Assistant Engineer
222616,Badri,Schapire,1998-01-19,9999-01-01,Assistant Engineer
222770,Kazuhiko,Kushner,1995-08-01,9999-01-01,Senior Engineer
222878,Annemarie,Zallocco,1990-05-28,9999-01-01,Engineer
222926,Limsoon,Erol,1997-12-31,9999-01-01,Senior Engineer
222952,Gopalakrishnan,Suermann,1991-04-30,9999-01-01,Engineer
222998,Leaf,Awdeh,1985-02-20,9999-01-01,Senior Staff
223593,Hidefumi,Moehrke,1998-03-04,9999-01-01,Staff
223595,Chiranjit,Dredge,1999-09-05,9999-01-01,Technique Leader
224135,Annemarie,Bressoud,1998-06-23,9999-01-01,Engineer
224335,Perry,Chachaty,1985-07-22,9999-01-01,Engineer
224390,True,Shobatake,1996-05-17,9999-01-01,Senior Staff
224934,George,Miake,1988-01-02,9999-01-01,Senior Staff
225438,Remmert,Quaggetto,1992-04-28,9999-01-01,Senior Staff
225601,Masasuke,Genin,1994-06-25,9999-01-01,Assistant Engineer
225788,Ipke,Kieras,1995-12-18,9999-01-01,Engineer
225867,Ramalingam,Remmele,1999-09-03,9999-01-01,Senior Engineer
225964,Mooi,Cooman,1989-06-07,9999-01-01,Engineer
226216,Giordano,Gini,1993-08-14,9999-01-01,Technique Leader
226227,Herbert,Erva,1986-09-06,9999-01-01,Engineer
227354,Gio,Murtha,1986-11-11,9999-01-01,Engineer
227476,Macha,Schnabel,1988-05-11,9999-01-01,Engineer
227681,Mikhail,Rousseau,1998-11-30,9999-01-01,Staff
227899,Garnik,Luce,1998-09-15,9999-01-01,Staff
227901,Francesca,Azuma,1996-06-08,9999-01-01,Senior Staff
228098,IEEE,Kroll,1997-05-10,9999-01-01,Engineer
228248,Yuriy,Plump,1988-09-08,9999-01-01,Senior Staff
228554,Bilhanan,Brendel,1990-12-23,9999-01-01,Senior Staff
228766,Nahla,Smailagic,1991-11-22,9999-01-01,Engineer
229098,Berry,Yurek,1995-08-16,9999-01-01,Senior Staff
229220,Fabrizio,Lichtman,1987-02-09,9999-01-01,Engineer
229248,Harjit,Terekhov,1995-10-19,9999-01-01,Staff
229386,Pohua,Tasistro,1989-06-02,9999-01-01,Technique Leader
229391,Paloma,Henseler,1991-06-11,9999-01-01,Engineer
229404,Gilbert,Kilgour,1996-04-05,9999-01-01,Staff
229547,Moni,Schach,1986-07-04,9999-01-01,Senior Staff
229727,Ewing,Millington,1999-09-28,9999-01-01,Engineer
229981,Jamaludin,Fordan,1992-02-06,9999-01-01,Engineer
230002,Tadahiro,Backhouse,1991-10-02,9999-01-01,Engineer
230126,Bezalel,Radivojevic,1988-07-02,9999-01-01,Senior Staff
230287,Renny,Alameldin,1997-09-28,9999-01-01,Assistant Engineer
230354,Yinghua,Lorho,1991-08-09,9999-01-01,Senior Staff
230498,Kolar,Puppo,1990-04-25,9999-01-01,Engineer
230579,Shahar,Negoita,1994-03-19,9999-01-01,Senior Staff
230689,Dietrich,Crabtree,1986-05-24,9999-01-01,Senior Staff
230865,Takushi,Brattka,1999-03-09,9999-01-01,Staff
231069,Trygve,Siksek,1995-11-09,9999-01-01,Staff
231459,Nectarios,Pramanik,1999-11-18,9999-01-01,Assistant Engineer
231671,Chandrasekaran,Pearson,1995-04-14,9999-01-01,Staff
231798,Goetz,Alvarado,1988-12-25,9999-01-01,Engineer
232178,Etsuo,Anandan,1989-12-13,9999-01-01,Senior Staff
232209,Nitsan,Rouquie,1988-08-01,9999-01-01,Engineer
232697,Barry,Ramsak,1990-09-07,9999-01-01,Engineer
232723,Tesuya,Bugrara,1993-02-13,9999-01-01,Assistant Engineer
233114,Alselm,Gargeya,1987-12-25,9999-01-01,Senior Engineer
233394,Khalid,Lenart,1995-12-24,9999-01-01,Engineer
233397,Fay,Sundgren,1990-07-07,9999-01-01,Senior Staff
233426,Etsuo,Usery,1995-03-02,9999-01-01,Engineer
233690,Cedric,Riefers,1994-09-08,9999-01-01,Engineer
233759,Zissis,Lodder,1999-09-25,9999-01-01,Engineer
233765,Kotesh,Chachaty,1991-03-25,9999-01-01,Engineer
233785,Baziley,Ballarin,1987-07-28,9999-01-01,Senior Staff
233818,Kellie,Heydon,1985-11-11,9999-01-01,Engineer
234195,Luerbio,Terkki,1991-05-14,9999-01-01,Senior Staff
234739,Foong,Aamodt,1986-06-28,9999-01-01,Senior Engineer
235017,Irena,Dratva,1991-09-07,9999-01-01,Senior Staff
235096,Sverrir,Gyimothy,1987-03-21,9999-01-01,Senior Staff
235325,Gro,Prochazka,1992-10-16,9999-01-01,Engineer
235368,Anneli,Joslin,1987-04-12,9999-01-01,Senior Engineer
235458,Gio,Heuser,1992-06-28,9999-01-01,Senior Staff
235729,Henk,Anger,1993-01-19,9999-01-01,Senior Staff
235780,Sampalli,Bergere,1994-04-08,9999-01-01,Senior Engineer
235793,Jayesh,Spinelli,1992-07-18,9999-01-01,Senior Engineer
236315,IEEE,Raczkowsky,1996-07-24,9999-01-01,Technique Leader
236566,Yechezkel,Maginnis,1992-12-11,9999-01-01,Senior Staff
236591,Insup,Reinhard,1985-04-08,9999-01-01,Senior Staff
236827,Almudena,Rijckaert,1994-02-16,9999-01-01,Engineer
236883,Huan,Olivero,1999-11-19,9999-01-01,Staff
236964,Adel,Foote,1998-08-19,9999-01-01,Staff
238112,Miomir,Frezza,1991-05-25,9999-01-01,Technique Leader
238252,Uno,Suppi,1996-12-27,9999-01-01,Staff
238422,Vishv,Angelov,1988-03-08,9999-01-01,Senior Staff
238949,Minghong,Cronin,1987-10-04,9999-01-01,Senior Staff
239067,Tadahiko,Pocchiola,1996-04-02,9999-01-01,Staff
239244,Abdulla,Kitai,1987-02-20,9999-01-01,Senior Staff
239415,Susumu,Brender,1993-04-17,9999-01-01,Engineer
239426,Vesna,Fairtlough,1994-08-09,9999-01-01,Engineer
239664,Sugwoo,Michaels,1992-08-02,9999-01-01,Engineer
239706,Arunas,Bugrara,1997-04-03,9999-01-01,Assistant Engineer
239748,Bilhanan,Dusink,1988-06-04,9999-01-01,Senior Staff
239803,Oscal,Ernst,1992-05-19,9999-01-01,Senior Staff
240132,Mizuhito,Kobara,1996-08-09,9999-01-01,Senior Staff
240236,True,Tischendorf,1986-01-19,9999-01-01,Engineer
240285,Kolar,Greenaway,1998-11-14,9999-01-01,Staff
240340,Mack,Staylopatis,1985-04-02,9999-01-01,Engineer
240438,Temple,Cyre,1992-09-30,9999-01-01,Senior Staff
240870,Francesca,Chorvat,1985-03-03,9999-01-01,Senior Staff
241100,Cedric,Molenaar,1990-10-06,9999-01-01,Engineer
241254,Jagoda,Anguita,1993-05-11,9999-01-01,Senior Engineer
241292,Uri,Lampe,1987-10-17,9999-01-01,Senior Staff
241567,Emran,Miara,1989-05-02,9999-01-01,Engineer
241667,Atilio,Olivero,1985-09-04,9999-01-01,Engineer
241728,Limsoon,Boudaillier,1995-08-12,9999-01-01,Senior Engineer
241872,Bluma,Fetvedt,1992-02-03,9999-01-01,Senior Staff
242019,Herb,Murrill,1999-09-27,9999-01-01,Senior Engineer
242081,Tomokazu,Pargas,1996-11-15,9999-01-01,Assistant Engineer
242104,Richara,Sudkamp,1989-09-05,9999-01-01,Senior Staff
242500,Bingning,Iisaku,1989-06-26,9999-01-01,Senior Staff
242800,Kazuyasu,Levergood,1996-02-10,9999-01-01,Engineer
243018,Bowen,Deverell,1998-12-27,9999-01-01,Senior Staff
243077,Kazunori,Perz,1999-02-25,9999-01-01,Senior Engineer
243576,Abdulah,Lodder,1996-11-10,9999-01-01,Senior Staff
243637,Marjo,Delgrange,1990-06-24,9999-01-01,Senior Staff
243898,Arch,Basawa,1998-05-10,9999-01-01,Staff
244308,Mokhtar,Rebaine,1991-07-23,9999-01-01,Senior Staff
244605,Masoud,Suwa,1989-11-25,9999-01-01,Senior Staff
244624,Boaz,Seuren,1987-03-27,9999-01-01,Senior Staff
244711,Rosli,Butner,1991-03-20,9999-01-01,Assistant Engineer
244714,Poorav,Clouatre,1996-05-06,9999-01-01,Senior Engineer
244820,Shigenori,Hertweck,1987-04-13,9999-01-01,Engineer
244873,Arunachalam,Oppitz,1986-05-20,9999-01-01,Senior Staff
245164,Filipp,Winter,1996-10-24,9999-01-01,Engineer
245396,Gift,Bottner,1995-03-04,9999-01-01,Senior Staff
245664,Manohar,Kilgore,1998-11-17,9999-01-01,Staff
246146,Zhongwei,Melski,1987-09-04,9999-01-01,Engineer
246244,George,Casperson,2000-01-20,9999-01-01,Staff
246364,Alper,Tiemann,1998-10-29,9999-01-01,Engineer
246764,Shuzo,Czaja,1997-11-29,9999-01-01,Staff
246798,Tianruo,Strooper,1993-10-28,9999-01-01,Senior Staff
246902,Shih,Shanbhogue,1998-04-19,9999-01-01,Staff
247089,Seongbae,Schahn,1992-12-10,9999-01-01,Senior Staff
247122,Xiaobin,Narlikar,1992-02-14,9999-01-01,Senior Staff
247447,Tzu,Bakhtari,1994-03-18,9999-01-01,Engineer
247456,Masako,Bahk,1997-07-31,9999-01-01,Engineer
247612,Chiranjit,Constantine,1997-05-25,9999-01-01,Engineer
247875,Xiong,Anick,1991-04-23,9999-01-01,Senior Staff
247888,Abdelghani,Lagarias,1985-09-06,9999-01-01,Engineer
248256,Sajjan,Falby,1996-08-29,9999-01-01,Staff
248351,Jaana,Milicia,1985-06-02,9999-01-01,Senior Staff
248758,Snehasis,Muhlberg,1991-07-16,9999-01-01,Senior Staff
248953,Percy,Sudbeck,1996-08-29,9999-01-01,Assistant Engineer
249239,Hideyuki,Decleir,1994-05-04,9999-01-01,Senior Engineer
249325,Ute,Pokrovskii,1997-06-09,9999-01-01,Staff
249433,Ayonca,Matzov,1988-06-03,9999-01-01,Engineer
249504,Dmitry,Velardi,1994-03-01,9999-01-01,Engineer
249780,Nechama,Gaughan,1986-01-16,9999-01-01,Assistant Engineer
249799,Jolita,Neimat,1993-12-27,9999-01-01,Engineer
249866,Steen,Gubsky,1989-01-14,9999-01-01,Senior Staff
249969,Georgi,Luiz,1991-06-10,9999-01-01,Engineer
250411,Ranga,Sommen,1989-01-20,9999-01-01,Senior Staff
250452,Alexius,Plavsic,2000-01-17,9999-01-01,Senior Engineer
250748,Kish,Turnbull,1987-02-10,9999-01-01,Engineer
251166,Hinrich,Hooghiemstra,1985-10-05,9999-01-01,Senior Staff
251233,Yucel,Bernini,1993-02-19,9999-01-01,Engineer
251301,Pintsang,Impagliazzo,1989-05-06,9999-01-01,Senior Staff
251341,Divier,Kumaresan,1992-12-05,9999-01-01,Senior Staff
251403,Utpal,DuBourdieux,1997-11-19,9999-01-01,Technique Leader
251437,Shichao,Iwayama,1989-10-17,9999-01-01,Assistant Engineer
251645,Bezalel,Tsunoo,1992-06-17,9999-01-01,Senior Staff
251680,Moty,Sommen,1990-08-14,9999-01-01,Senior Engineer
251814,Mitsuyuki,Zockler,1998-09-14,9999-01-01,Technique Leader
252185,Chaosheng,Conta,1997-04-14,9999-01-01,Assistant Engineer
252316,Gill,Niizuma,1994-10-08,9999-01-01,Engineer
252392,Sanjeeva,Peron,1993-12-26,9999-01-01,Engineer
253029,Thodoros,Thimonier,1995-04-05,9999-01-01,Engineer
253707,Insup,Hainaut,1998-02-11,9999-01-01,Staff
253838,Stafford,Terlouw,1999-02-21,9999-01-01,Assistant Engineer
253893,Huiqun,Trystram,1993-05-10,9999-01-01,Senior Engineer
254044,Gunilla,Brendel,1992-04-10,9999-01-01,Engineer
254399,Armond,Lores,1999-09-16,9999-01-01,Technique Leader
254821,Tonny,Couchot,1994-12-12,9999-01-01,Staff
255466,Huan,Roccetti,1985-07-03,9999-01-01,Senior Engineer
255657,Oldrich,Cyre,1985-02-10,9999-01-01,Engineer
255779,Heejo,Merle,1997-09-04,9999-01-01,Technique Leader
256216,Halsur,Brodal,1997-11-22,9999-01-01,Engineer
256856,Hongzue,Barbanera,1987-06-17,9999-01-01,Senior Staff
256881,Ioana,Jakobus,1990-08-10,9999-01-01,Engineer
256888,Heather,Pehl,1993-09-15,9999-01-01,Staff
257062,Stabislas,Pardalos,1989-06-21,9999-01-01,Engineer
257378,Pascal,Bernatsky,1988-09-03,9999-01-01,Senior Staff
257469,Anyuan,Hanratty,1988-01-06,9999-01-01,Senior Staff
257484,Shaowei,Nicolson,1986-12-07,9999-01-01,Senior Staff
258028,Mountaz,Reinhart,2000-01-21,9999-01-01,Engineer
258124,Mariusz,Zolotykh,1990-07-28,9999-01-01,Senior Staff
258470,Weiwu,Butner,1995-02-14,9999-01-01,Staff
258643,Przemyslawa,Esposito,1992-02-27,9999-01-01,Engineer
259042,Xiaoqiang,Farrow,1997-01-01,9999-01-01,Staff
259237,Palash,Gammage,1987-10-23,9999-01-01,Senior Staff
259273,Xiahua,Gomatam,1989-12-01,9999-01-01,Senior Engineer
259611,Shuichi,Marrakchi,1990-08-21,9999-01-01,Senior Staff
259619,Conal,Magliocco,1992-05-09,9999-01-01,Senior Staff
259718,Stepehn,Bouloucos,1991-09-17,9999-01-01,Senior Staff
260153,Mingdong,Baar,1991-10-14,9999-01-01,Technique Leader
260249,Vugranam,Beausoleil,1998-05-14,9999-01-01,Staff
260361,Reinhold,Rahier,1995-06-06,9999-01-01,Engineer
260399,Hatem,Birsak,1989-04-10,9999-01-01,Senior Staff
260408,Sasan,Brookner,1996-09-03,9999-01-01,Senior Staff
260501,Dzung,Pargas,1990-05-17,9999-01-01,Technique Leader
261184,Masako,Kornatzky,1987-08-29,9999-01-01,Senior Engineer
261631,Jianhua,Huttel,1998-02-23,9999-01-01,Engineer
261662,Berni,Assaf,1989-09-08,9999-01-01,Senior Staff
261737,Mark,Lindqvist,1990-11-22,9999-01-01,Engineer
261986,Gila,Ramsak,1997-05-13,9999-01-01,Senior Engineer
261990,Volkmar,Czaja,1992-04-01,9999-01-01,Senior Staff
262208,Mrinalini,Holburn,1987-04-20,9999-01-01,Senior Staff
262210,Chinho,Bottner,1985-07-29,9999-01-01,Assistant Engineer
262328,Mayuko,Vural,1997-12-24,9999-01-01,Staff
262439,Lorien,Lagarias,1985-10-10,9999-01-01,Senior Staff
262636,Tamiya,Reutenauer,1985-06-02,9999-01-01,Senior Engineer
262752,Pramod,Bierman,1997-12-12,9999-01-01,Engineer
262928,Piyush,Gill,1990-08-31,9999-01-01,Engineer
263012,Hideo,Buchter,1999-05-01,9999-01-01,Staff
263186,Danny,Lowrie,1995-09-13,9999-01-01,Technique Leader
263370,Shakhar,Ranze,1999-05-29,9999-01-01,Staff
263439,Atreye,Kabayashi,1986-12-15,9999-01-01,Senior Engineer
263645,Mingsen,Lally,1990-12-04,9999-01-01,Senior Engineer
263649,Mechthild,Zongker,1993-07-26,9999-01-01,Senior Staff
263926,Fusako,Schwartzbauer,1985-04-07,9999-01-01,Senior Staff
264030,Zdislav,Solares,1990-12-14,9999-01-01,Assistant Engineer
264167,Baoqiu,Tomescu,1996-05-01,9999-01-01,Senior Engineer
264322,Leandro,Swist,1991-01-06,9999-01-01,Senior Staff
264626,Noritoshi,Bakhtari,1993-02-03,9999-01-01,Senior Staff
264939,Bogdan,Bahi,1985-02-09,9999-01-01,Engineer
265039,Navid,Staudhammer,1992-10-18,9999-01-01,Senior Staff
265521,Kensei,Salverda,1993-05-25,9999-01-01,Engineer
265558,Susuma,Kleiser,1987-08-02,9999-01-01,Senior Staff
265794,Miquel,Halloran,1994-01-14,9999-01-01,Senior Staff
265875,Fan,Marsiglia,1989-09-03,9999-01-01,Engineer
266206,Zsolt,Anily,1985-08-19,9999-01-01,Senior Staff
266249,Sumant,Nishimukai,1991-03-28,9999-01-01,Senior Staff
266310,Zvonko,Serdy,1987-06-24,9999-01-01,Senior Staff
266644,Anwar,Gubsky,1993-08-09,9999-01-01,Senior Staff
266862,Mart,Plumb,1986-04-21,9999-01-01,Senior Staff
266881,Mokhtar,Sabnani,1990-08-28,9999-01-01,Senior Staff
267059,Moie,Tempesti,1991-06-29,9999-01-01,Senior Staff
267227,Susuma,Tagansky,1995-01-22,9999-01-01,Engineer
267304,Jordanka,Axelband,1994-06-27,9999-01-01,Senior Staff
267667,Irena,Kaiserswerth,1987-09-05,9999-01-01,Senior Staff
268043,Narain,Mikschl,1997-11-02,9999-01-01,Engineer
268191,LiMin,Teitelbaum,1990-11-01,9999-01-01,Engineer
269728,Naftali,Kragelund,1987-05-16,9999-01-01,Senior Staff
270084,Ulises,Frolund,1986-07-26,9999-01-01,Senior Staff
270716,Shunichi,Baer,1998-02-04,9999-01-01,Staff
270794,Dannz,Zhang,1991-06-26,9999-01-01,Senior Staff
271106,Taisook,Kampfer,1997-11-30,9999-01-01,Engineer
271219,Odoardo,Tyugu,1994-11-07,9999-01-01,Engineer
272141,Tsutomu,Neiman,1986-05-05,9999-01-01,Senior Staff
272285,Gully,Mitchem,1986-01-22,9999-01-01,Senior Staff
272316,Surveyors,Muhling,1999-07-19,9999-01-01,Engineer
272452,Mitsuyuki,Isard,1996-08-17,9999-01-01,Engineer
272599,Holgard,Hegner,1993-07-15,9999-01-01,Senior Staff
272860,Minghong,Candan,1994-02-10,9999-01-01,Assistant Engineer
273159,Divine,Hofmeyr,1989-04-14,9999-01-01,Technique Leader
273286,Brigham,Asmuth,1989-01-23,9999-01-01,Engineer
273396,Wayne,Baba,1998-03-07,9999-01-01,Engineer
273806,Hongzhu,Beetstra,1991-01-24,9999-01-01,Senior Staff
273858,Gunilla,Matzen,1990-12-28,9999-01-01,Senior Staff
274071,Mingsen,Weiland,1995-10-12,9999-01-01,Staff
274271,Prodip,Ritcey,1986-09-10,9999-01-01,Senior Staff
274369,Ranga,Waymire,1997-01-27,9999-01-01,Senior Staff
274813,Yefim,Pettey,1993-08-07,9999-01-01,Senior Staff
275158,Satyanarayana,Brandsma,1999-12-08,9999-01-01,Engineer
275263,Vojin,Laventhal,1991-10-18,9999-01-01,Engineer
275444,Limsoon,Leppanen,1993-01-21,9999-01-01,Engineer
275495,Shen,Yamaashi,1995-02-19,9999-01-01,Staff
275801,Ayakannu,Heinisuo,1986-06-28,9999-01-01,Senior Staff
275881,Jiann,Munro,1988-05-18,9999-01-01,Senior Engineer
275994,Uma,Prampolini,1991-02-21,9999-01-01,Engineer
276027,Holgard,Stavenow,1986-02-28,9999-01-01,Senior Staff
276184,Mari,Swick,1991-04-08,9999-01-01,Senior Staff
276186,Sajjad,Vecchi,1993-06-02,9999-01-01,Senior Staff
276189,Isaac,Klerer,1995-03-19,9999-01-01,Senior Staff
276445,Atilio,Randi,1988-07-02,9999-01-01,Engineer
276472,Hideyuki,Flanders,1988-11-10,9999-01-01,Engineer
276563,Gift,Solares,1995-08-01,9999-01-01,Senior Staff
276868,Alois,Sanella,1998-03-13,9999-01-01,Staff
277316,Vitali,Rothenberg,1989-10-04,9999-01-01,Senior Staff
277362,Uzi,Kugler,1991-01-12,9999-01-01,Senior Staff
277420,Rayond,Schach,1995-04-22,9999-01-01,Engineer
277777,Herbert,Itzigehl,1990-07-04,9999-01-01,Senior Engineer
277829,Michaela,Fandrianto,1986-06-02,9999-01-01,Senior Engineer
278239,Boaz,Bottner,1994-02-06,9999-01-01,Staff
278386,Caolyn,Poujol,1995-12-03,9999-01-01,Technique Leader
278452,Sudhanshu,Toyoshima,1987-08-29,9999-01-01,Senior Staff
278536,Munenori,Shobatake,1992-01-10,9999-01-01,Senior Staff
278549,Jaana,Werthner,1989-07-27,9999-01-01,Senior Staff
278953,Jeanna,Ghandeharizadeh,1990-08-11,9999-01-01,Senior Engineer
279115,Maren,DuCasse,1997-11-29,9999-01-01,Engineer
279280,Niranjan,Debuse,1992-09-21,9999-01-01,Engineer
279791,Chiranjit,Lyonns,1986-12-24,9999-01-01,Assistant Engineer
280070,Niteen,Ebeling,1988-03-29,9999-01-01,Senior Staff
280291,Lenore,Badache,1998-11-24,9999-01-01,Staff
280420,Jahangir,Hofting,1986-09-28,9999-01-01,Senior Staff
280525,Kish,Herbst,1996-08-18,9999-01-01,Staff
280648,Heeju,Lorys,1986-12-27,9999-01-01,Engineer
281570,Zijian,Covnot,1994-09-13,9999-01-01,Assistant Engineer
281692,Khosrow,Sommen,1990-03-03,9999-01-01,Senior Engineer
281848,Parke,Staylopatis,1993-07-31,9999-01-01,Engineer
281859,Masanao,Papastamatiou,1985-11-25,9999-01-01,Engineer
282191,Alper,Shinomoto,1997-10-20,9999-01-01,Engineer
282333,Nahla,Serdy,1993-09-09,9999-01-01,Senior Staff
282343,Xinglin,Haldar,1988-07-20,9999-01-01,Senior Staff
282547,Nahum,Codenie,1999-06-14,9999-01-01,Engineer
282585,Zijian,Lammel,1996-07-01,9999-01-01,Staff
282894,Fay,Bellmore,1989-05-03,9999-01-01,Engineer
284300,Ishfaq,Mahmud,1991-11-29,9999-01-01,Senior Staff
284431,Pintsang,Fujisawa,1996-04-16,9999-01-01,Senior Staff
284561,Duri,Beznosov,1988-02-15,9999-01-01,Senior Engineer
284687,Oksana,Redmiles,1985-06-22,9999-01-01,Engineer
284691,Theron,Ressouche,1988-08-17,9999-01-01,Engineer
284711,Martijn,Azevdeo,1988-02-10,9999-01-01,Senior Engineer
284717,Gal,Ranta,1992-11-07,9999-01-01,Engineer
284856,Moto,Kobara,1991-12-12,9999-01-01,Engineer
284954,Anneke,Hammerschmidt,1996-01-30,9999-01-01,Engineer
285164,Xiaocheng,Kumaresan,1994-10-03,9999-01-01,Staff
285396,Lena,Kohling,1986-10-04,9999-01-01,Engineer
285905,Kellyn,Bage,1994-11-04,9999-01-01,Senior Staff
285906,Arnould,Buescher,1998-03-26,9999-01-01,Engineer
286026,Utpal,Zaumen,1991-02-25,9999-01-01,Senior Staff
286029,Jaques,Nanard,1996-07-16,9999-01-01,Staff
286370,Toshimitsu,Seuren,1995-01-19,9999-01-01,Senior Staff
286452,Behnaam,Bierbaum,1999-01-31,9999-01-01,Engineer
286573,Nahum,Nishimukai,1991-02-02,9999-01-01,Engineer
286779,Sigeru,Versino,1998-08-31,9999-01-01,Engineer
286986,Woody,Trelles,1996-05-23,9999-01-01,Senior Engineer
287323,Steve,Dengi,1999-09-15,9999-01-01,Staff
287327,Youjian,Felder,1993-07-15,9999-01-01,Senior Staff
287334,Elliott,Speer,1998-08-08,9999-01-01,Engineer
287482,Shigeaki,Gihr,1994-03-18,9999-01-01,Engineer
287583,Jovan,Hockney,1990-06-21,9999-01-01,Engineer
287609,Sailaja,Negoita,1988-01-20,9999-01-01,Assistant Engineer
287713,Aamod,Ranka,1992-12-07,9999-01-01,Senior Staff
287808,Vidar,Ozeki,1996-06-17,9999-01-01,Technique Leader
287983,Randi,Munos,1990-09-07,9999-01-01,Senior Staff
287984,Troy,Kobuchi,1991-02-12,9999-01-01,Engineer
288028,Kauko,Narwekar,1985-12-16,9999-01-01,Engineer
288142,Shay,Heystek,1989-04-01,9999-01-01,Senior Staff
288166,Masoud,Asmuth,1994-09-05,9999-01-01,Staff
288560,Yifei,Birjandi,1994-02-07,9999-01-01,Senior Staff
288563,Cristinel,Gerlach,1996-01-09,9999-01-01,Engineer
288606,Susumu,Swiss,1991-11-15,9999-01-01,Senior Staff
288665,Horward,Khasidashvili,1998-11-19,9999-01-01,Senior Engineer
288893,Bedrich,Rosenbaum,1991-01-27,9999-01-01,Engineer
289454,Bowen,Narwekar,1985-03-08,9999-01-01,Senior Engineer
289687,Fai,Maccarone,1985-10-30,9999-01-01,Senior Staff
289807,Soenke,Lemarechal,1994-09-04,9999-01-01,Senior Staff
289909,Hilari,Vecchio,1993-04-24,9999-01-01,Senior Staff
290009,Zijian,Rindone,1989-07-09,9999-01-01,Senior Staff
290075,Boalin,Byoun,1990-10-01,9999-01-01,Senior Staff
290284,Kwangjo,Menhardt,1996-01-11,9999-01-01,Engineer
290441,Gregory,Collavizza,1987-09-09,9999-01-01,Senior Staff
290467,Shaowen,Poulakidas,1987-04-15,9999-01-01,Senior Staff
290478,Tsvetan,Sherertz,1989-08-07,9999-01-01,Assistant Engineer
290563,Shigehiro,Oxenboll,1986-02-26,9999-01-01,Senior Engineer
290769,Lalit,Blokdijk,1999-02-01,9999-01-01,Senior Engineer
291352,Danai,Trelles,1992-04-17,9999-01-01,Technique Leader
291612,Siamak,Gomatam,1998-07-08,9999-01-01,Engineer
291669,Faiza,Bach,1999-09-13,9999-01-01,Engineer
292110,Menkae,Showalter,1996-08-09,9999-01-01,Engineer
292146,Khatoun,Pulkowski,1998-01-11,9999-01-01,Engineer
292210,Masaru,Huhdanpaa,1996-11-23,9999-01-01,Engineer
292404,Hongzue,Zultner,1990-02-22,9999-01-01,Senior Staff
292504,Georgi,Bednarek,1994-03-02,9999-01-01,Engineer
292515,Bernd,Thummel,1989-08-03,9999-01-01,Assistant Engineer
292828,Ziya,Tokunaga,1986-01-08,9999-01-01,Engineer
293080,Hideyuki,Slaats,1987-05-30,9999-01-01,Senior Staff
293154,Syozo,Maliniak,1992-11-09,9999-01-01,Senior Staff
293280,Moti,Steenbeek,1987-01-22,9999-01-01,Engineer
293329,Fumiya,Griswold,1986-06-12,9999-01-01,Engineer
293746,Sanjay,Litecky,1995-08-27,9999-01-01,Engineer
293752,Jungsoon,Bail,1986-02-18,9999-01-01,Senior Staff
294144,Takanari,Ermel,1992-01-11,9999-01-01,Senior Staff
294241,Marl,Fiebach,1994-07-26,9999-01-01,Senior Staff
294446,Claudi,Ruemmler,1999-08-13,9999-01-01,Staff
294461,Siddarth,Rosiles,1985-11-18,9999-01-01,Senior Engineer
294527,Ashish,Candan,1992-02-02,9999-01-01,Senior Staff
294652,Hironobu,Brodie,1985-09-17,9999-01-01,Engineer
294791,Vesna,Lammel,1999-10-08,9999-01-01,Assistant Engineer
294857,Caolyn,Ozeri,1986-07-29,9999-01-01,Engineer
295030,Fun,Keirsey,1985-07-09,9999-01-01,Senior Staff
295236,Kauko,Fujisawa,1987-09-13,9999-01-01,Engineer
295254,Xuejun,Pfau,1985-07-24,9999-01-01,Senior Staff
295255,Jacopo,Bellone,1988-03-13,9999-01-01,Technique Leader
295262,Moon,Pews,1994-08-06,9999-01-01,Assistant Engineer
295268,Eben,Calkin,1996-12-19,9999-01-01,Senior Staff
295278,Val,Barvinok,1990-01-02,9999-01-01,Assistant Engineer
295411,Chiranjit,Serot,1997-04-04,9999-01-01,Staff
295857,Kankanahalli,Ciolek,1989-12-26,9999-01-01,Senior Staff
296062,Shaz,Driscoll,1998-10-03,9999-01-01,Staff
296303,Mariangiola,Heyers,1992-08-04,9999-01-01,Technique Leader
296428,Charmane,Simmen,1989-03-07,9999-01-01,Senior Staff
296664,Dipayan,Geffroy,1987-09-17,9999-01-01,Senior Engineer
296687,Palash,Spieker,1991-05-11,9999-01-01,Senior Staff
296718,Kamakshi,Bahl,1987-12-22,9999-01-01,Senior Engineer
297232,Lokesh,Saoudi,1999-05-25,9999-01-01,Senior Staff
297431,Cathie,Ratnakar,1996-06-23,9999-01-01,Senior Staff
297474,Irena,Terkki,1998-03-11,9999-01-01,Staff
297905,Marc,Bahl,1997-06-18,9999-01-01,Assistant Engineer
297954,Sailaja,Fujisaki,1995-07-24,9999-01-01,Assistant Engineer
298339,King,Benzmuller,1986-09-04,9999-01-01,Engineer
298577,Florina,Litecky,1985-12-02,9999-01-01,Senior Staff
298953,Zita,Syang,1998-12-29,9999-01-01,Staff
299346,Fumitake,Sichman,1991-02-21,9999-01-01,Senior Staff
299580,Luisa,Itzfeldt,1997-01-23,9999-01-01,Engineer
299718,Denny,Shobatake,1997-06-22,9999-01-01,Senior Staff
299737,Patricio,Itzfeldt,1985-05-21,9999-01-01,Senior Staff
400046,Hilari,Christ,1991-01-19,9999-01-01,Senior Staff
400358,Angus,Jullig,1989-04-13,9999-01-01,Engineer
400683,Kamakshi,Manders,1995-08-05,9999-01-01,Staff
400780,Poornachandra,Asser,1993-11-07,9999-01-01,Engineer
400796,Bodo,Halevi,1996-05-30,9999-01-01,Engineer
401154,Danae,Kragelund,1987-05-20,9999-01-01,Senior Staff
401278,Oguz,Schurmann,1986-11-11,9999-01-01,Assistant Engineer
401333,Martins,Shokrollahi,1986-11-04,9999-01-01,Engineer
401420,Florian,Uhrig,1987-01-31,9999-01-01,Senior Staff
401574,Yannik,Falco,1988-01-15,9999-01-01,Technique Leader
402025,Shigehito,Duclos,1987-09-20,9999-01-01,Engineer
402102,Kersti,Granlund,1995-03-19,9999-01-01,Engineer
402664,Subhada,Janetzko,1987-01-25,9999-01-01,Senior Engineer
402718,Jeanna,Rettelbach,1990-02-14,9999-01-01,Engineer
402827,Weidon,Pollacia,1988-02-27,9999-01-01,Senior Staff
403010,Toshimitsu,Sluis,1985-02-18,9999-01-01,Senior Engineer
403621,Deborah,Kaminger,1988-06-04,9999-01-01,Senior Staff
403644,Krisda,Hainaut,1995-07-08,9999-01-01,Senior Staff
403954,Jeanna,Bratten,1990-07-26,9999-01-01,Engineer
404018,Valery,Babb,1998-10-19,9999-01-01,Senior Engineer
404236,Zengping,Kakkar,1988-07-22,9999-01-01,Engineer
404462,Anestis,Setlzner,1985-07-13,9999-01-01,Engineer
404573,Eberhardt,Spelt,1997-07-05,9999-01-01,Staff
404755,Manu,Junet,1991-04-20,9999-01-01,Senior Staff
404788,Basem,Beausoleil,1998-03-16,9999-01-01,Engineer
405015,Morris,Fargier,1988-06-29,9999-01-01,Senior Staff
405063,Yechezkel,Yurov,1998-11-30,9999-01-01,Senior Engineer
406125,Georgi,Portugali,1987-09-27,9999-01-01,Technique Leader
406239,Marek,Tomescu,1995-05-15,9999-01-01,Engineer
406564,Parviz,Picco,1995-04-16,9999-01-01,Engineer
406714,Malu,Ossenbruggen,1986-11-21,9999-01-01,Senior Staff
406847,Alexius,Crouzet,1999-10-05,9999-01-01,Staff
407522,Tommaso,Raczkowsky,1996-08-29,9999-01-01,Staff
407837,Fei,Erez,1986-10-15,9999-01-01,Engineer
408019,Shridhar,Chleq,1986-03-22,9999-01-01,Assistant Engineer
408114,Geoffrey,Ladret,1994-01-03,9999-01-01,Engineer
408163,Irene,Sethi,1996-09-06,9999-01-01,Senior Engineer
408417,Tsz,Daescu,1994-01-29,9999-01-01,Staff
408437,Uno,Solares,1994-09-22,9999-01-01,Senior Staff
408447,Mayuri,Werthner,1990-08-19,9999-01-01,Senior Staff
408654,Yongqiao,Cochrane,1986-10-27,9999-01-01,Senior Staff
408953,Jolita,Claffy,1993-12-24,9999-01-01,Senior Engineer
409391,Willard,Verspoor,1999-02-28,9999-01-01,Engineer
409798,Dekang,Tsunoo,1995-01-19,9999-01-01,Technique Leader
409805,Frazer,Candan,1999-03-05,9999-01-01,Senior Engineer
409898,Divier,Ishibashi,1989-09-22,9999-01-01,Engineer
410028,Xiadong,McClurg,1985-09-17,9999-01-01,Senior Staff
410372,Duri,Mitina,1990-03-04,9999-01-01,Engineer
410433,Kazuhisa,Riesenhuber,1992-10-06,9999-01-01,Senior Engineer
410616,Gudjon,Kalorkoti,1994-04-14,9999-01-01,Engineer
410804,Ronnie,Denos,1992-06-08,9999-01-01,Engineer
410881,Koichi,Grabner,1990-04-24,9999-01-01,Senior Engineer
411070,Otmar,Brandsma,1987-05-28,9999-01-01,Engineer
411082,Martine,Cangellaris,1992-04-28,9999-01-01,Engineer
411143,Goncalo,Barbanera,1996-09-01,9999-01-01,Senior Staff
412404,Mitsuyuki,Jeansoulin,1999-10-28,9999-01-01,Senior Engineer
412757,Leen,Peak,1999-11-20,9999-01-01,Engineer
413098,Hsiangchu,Taubenfeld,1993-04-17,9999-01-01,Senior Staff
413205,Mototsugu,Prampolini,1988-06-12,9999-01-01,Senior Staff
413666,Remco,Duclos,1988-04-18,9999-01-01,Senior Staff
413729,Harjit,Ernst,1992-04-26,9999-01-01,Technique Leader
413831,Mohamadou,Grabner,1991-11-25,9999-01-01,Senior Staff
413832,Marco,Jahnichen,1995-03-28,9999-01-01,Senior Staff
414027,Tadanori,Msuda,1988-11-06,9999-01-01,Engineer
414091,Wuxu,Kuhnemann,1997-08-19,9999-01-01,Engineer
414543,Bernd,Anick,1988-11-19,9999-01-01,Senior Engineer
414551,Elliott,Copas,1994-09-13,9999-01-01,Engineer
414662,Ipke,Schneeberger,1985-09-20,9999-01-01,Engineer
414714,Chinho,Delgrande,1996-11-07,9999-01-01,Senior Staff
414814,Dayanand,Wielonsky,1999-02-15,9999-01-01,Staff
414897,Juyoung,Willoner,1989-11-03,9999-01-01,Senior Staff
415187,Juyoung,Peltason,1998-09-01,9999-01-01,Assistant Engineer
415338,Shigeo,Emmart,1995-12-24,9999-01-01,Assistant Engineer
415363,Conal,Shackell,1986-01-25,9999-01-01,Senior Staff
415563,Mrinalini,Bierbaum,1986-03-12,9999-01-01,Engineer
416074,Alain,Lieberherr,1987-05-11,9999-01-01,Engineer
416383,Nectarios,Itschner,1990-03-02,9999-01-01,Engineer
416420,Adamantios,Heemskerk,1986-08-08,9999-01-01,Senior Staff
416492,Kannan,Meriste,1992-08-12,9999-01-01,Senior Engineer
416660,Nathalie,Luke,1987-09-16,9999-01-01,Assistant Engineer
416720,Tokuyasu,Xiaoshan,1991-09-19,9999-01-01,Engineer
416877,Gio,Orsini,1988-12-07,9999-01-01,Senior Staff
416892,Shooichi,Vandervoorde,1996-08-16,9999-01-01,Engineer
417435,Bouchung,Zaumen,1999-01-29,9999-01-01,Senior Staff
418239,Josyula,Motley,1992-09-05,9999-01-01,Senior Engineer
418247,Oscar,Oppitz,1995-06-30,9999-01-01,Senior Staff
418298,Arvin,Pusterhofer,1995-03-02,9999-01-01,Engineer
418309,Danel,Petereit,1985-02-21,9999-01-01,Engineer
418380,Kazuhiko,Gornas,1993-05-20,9999-01-01,Senior Engineer
418566,Kazuhide,Snedden,1996-06-14,9999-01-01,Senior Engineer
418606,Michaela,Otillio,1994-01-05,9999-01-01,Engineer
418717,Arunachalam,Magliocco,1987-12-23,9999-01-01,Senior Staff
418860,Ymte,Dalton,1992-11-22,9999-01-01,Senior Staff
419099,Heon,Broomell,1998-05-06,9999-01-01,Staff
419953,Ung,Orlowski,1991-07-22,9999-01-01,Senior Staff
420086,Susuma,Kitsuregawa,1985-05-28,9999-01-01,Engineer
420476,Mariangiola,Bolsens,1985-06-15,9999-01-01,Senior Staff
420557,Mabhin,Eastman,1989-08-02,9999-01-01,Senior Staff
420694,Frazer,Barbanera,1986-11-04,9999-01-01,Senior Staff
420732,Willard,Morrin,1996-05-27,9999-01-01,Senior Staff
420759,Raimond,Solovay,1997-10-03,9999-01-01,Staff
420765,Shawna,Krider,1990-03-09,9999-01-01,Senior Staff
420877,Khosrow,Erez,1990-02-11,9999-01-01,Senior Staff
421022,Shigeaki,Butner,1996-07-13,9999-01-01,Senior Staff
421033,Garnik,Randt,1989-12-23,9999-01-01,Senior Staff
421074,Zhaofang,Falster,1994-06-29,9999-01-01,Senior Staff
421312,Mariangiola,Bashian,1999-09-18,9999-01-01,Engineer
421384,Renny,Bednarek,1987-06-01,9999-01-01,Senior Staff
421755,Shichao,Thiria,1989-01-11,9999-01-01,Assistant Engineer
422146,Kenton,Miara,1999-05-14,9999-01-01,Engineer
422783,Jagoda,Uhrig,1995-09-01,9999-01-01,Engineer
423038,Takushi,Strehl,1988-10-04,9999-01-01,Senior Staff
423204,Uma,Stranks,1991-09-13,9999-01-01,Senior Staff
423208,Joydip,Krone,1995-02-08,9999-01-01,Engineer
423214,Tsutomu,Tetzlaff,1987-09-24,9999-01-01,Senior Staff
423327,Constantijn,Lichtman,1994-06-26,9999-01-01,Senior Staff
423350,Heping,Monarch,1988-04-15,9999-01-01,Senior Staff
423633,Mariusz,Tokunaga,1985-02-11,9999-01-01,Senior Engineer
423993,Seshu,Kolvik,1988-12-09,9999-01-01,Technique Leader
424569,Danco,Luff,1997-10-30,9999-01-01,Engineer
424584,Kagan,Dredge,1994-02-26,9999-01-01,Engineer
424685,Changho,Veevers,1997-03-03,9999-01-01,Senior Staff
424797,Theron,Itschner,1985-05-16,9999-01-01,Senior Staff
424805,Jacqueline,Zallocco,1987-12-17,9999-01-01,Senior Staff
424930,Xuejun,Reeker,1988-11-18,9999-01-01,Senior Staff
424984,Vasilis,Waleschkowski,1996-05-26,9999-01-01,Engineer
425437,Moni,Staudhammer,1999-03-23,9999-01-01,Engineer
425535,Alagu,Vieri,1986-08-23,9999-01-01,Senior Staff
425540,Paddy,Zumaque,1995-11-12,9999-01-01,Senior Staff
425757,Yongdong,Jiang,1990-10-13,9999-01-01,Senior Staff
425780,Paris,Range,1989-10-25,9999-01-01,Senior Staff
425830,Guther,Conia,1999-02-13,9999-01-01,Engineer
425875,Jahangir,Kroft,1990-06-11,9999-01-01,Senior Staff
426153,Shahaf,Luce,1999-04-06,9999-01-01,Senior Staff
426168,Kaijung,Mateescu,1987-11-18,9999-01-01,Senior Staff
426228,Supot,Badache,1996-08-17,9999-01-01,Engineer
426235,Danco,Rajala,1991-03-29,9999-01-01,Senior Staff
426644,Zejun,Broomell,1995-01-19,9999-01-01,Engineer
426706,Karsten,Kawashima,1994-03-15,9999-01-01,Engineer
426795,Huican,Lunn,1986-07-23,9999-01-01,Senior Staff
426818,Gaurav,Fendler,1992-02-15,9999-01-01,Senior Staff
426819,Sandeepan,Kulisch,1997-05-16,9999-01-01,Engineer
426824,Gopalakrishnan,Mawatari,1988-10-29,9999-01-01,Senior Staff
426958,Weijing,Viele,1985-10-03,9999-01-01,Engineer
427313,Utpal,Kemmerer,1986-12-04,9999-01-01,Senior Staff
427320,Mamdouh,Ramamoorthy,2000-01-13,9999-01-01,Senior Engineer
427332,Feiyu,Hemaspaandra,1995-06-04,9999-01-01,Staff
427571,Torsten,Ranta,1987-12-11,9999-01-01,Engineer
427776,Jaques,Navazio,1989-04-04,9999-01-01,Senior Staff
427805,Haldun,Compeau,1997-10-15,9999-01-01,Senior Staff
427823,Jaques,Gecsei,1999-07-13,9999-01-01,Staff
427852,Adil,Kieras,1992-07-20,9999-01-01,Senior Engineer
428082,Ronghao,Alpin,1991-09-11,9999-01-01,Senior Staff
428160,Jamaludin,Kalorkoti,1993-07-14,9999-01-01,Senior Staff
428195,Hatsukazu,Rosca,1986-10-13,9999-01-01,Senior Staff
428219,Ghassan,Androutsos,1987-12-26,9999-01-01,Senior Staff
428917,Theron,Billawala,1989-02-17,9999-01-01,Assistant Engineer
429087,Hugh,Senzako,1992-10-15,9999-01-01,Technique Leader
429231,Kazuyasu,Schmiedel,1985-09-07,9999-01-01,Senior Staff
429238,Mona,Luck,1989-05-11,9999-01-01,Senior Staff
429249,Alassane,Wolniewicz,1986-10-06,9999-01-01,Engineer
429316,Seshu,Hiraishi,1994-08-10,9999-01-01,Senior Staff
429381,Limsoon,Roohalamini,1986-11-26,9999-01-01,Senior Staff
429481,Subhada,Emmerich,1996-03-06,9999-01-01,Engineer
429520,Yongqiao,Francisci,1999-12-01,9999-01-01,Engineer
429532,Bartek,Vendrig,1991-11-12,9999-01-01,Senior Staff
429569,Fumiya,Chappelet,1992-09-03,9999-01-01,Assistant Engineer
429703,Ung,Honglei,1986-09-02,9999-01-01,Senior Staff
429899,Ranan,Marsiglia,1999-08-13,9999-01-01,Staff
429954,Renny,Gladwell,1999-02-27,9999-01-01,Staff
430054,Erzsebet,Setiz,1993-06-10,9999-01-01,Engineer
430558,Xiong,Roisin,1988-03-01,9999-01-01,Engineer
430593,Janalee,Lanzelotte,1997-12-01,9999-01-01,Senior Staff
430631,Kersti,Marsiglia,1994-02-19,9999-01-01,Engineer
430891,Khalil,Gien,1991-08-06,9999-01-01,Senior Engineer
431576,Masamitsu,Back,1987-03-25,9999-01-01,Senior Staff
431657,Visit,Thiran,1986-11-14,9999-01-01,Engineer
431882,Hideo,Varman,1997-06-19,9999-01-01,Engineer
431887,Poorav,Ranst,1996-06-01,9999-01-01,Senior Engineer
432031,Adamantios,Matzat,1987-03-01,9999-01-01,Senior Staff
432034,Arfst,Uehara,1993-11-15,9999-01-01,Senior Staff
432121,Alair,Straney,1986-11-15,9999-01-01,Senior Staff
432257,Kwangjo,Hiltgen,1998-12-22,9999-01-01,Engineer
432261,Arve,Bergere,1987-07-28,9999-01-01,Engineer
432399,Nitsan,Nollmann,1990-09-10,9999-01-01,Engineer
432523,Takahiro,Maquelin,1997-07-21,9999-01-01,Engineer
432665,Flemming,Driscoll,1991-06-28,9999-01-01,Engineer
432787,Toshiko,Ibel,1996-11-23,9999-01-01,Senior Engineer
432956,Qunsheng,Birrer,1986-05-13,9999-01-01,Senior Staff
433059,Bojan,Montresor,1995-02-04,9999-01-01,Staff
433157,Tomofumi,Serna,1999-10-23,9999-01-01,Staff
433260,Make,Olivero,1991-06-01,9999-01-01,Assistant Engineer
433438,Keiichiro,Miyakawa,1993-09-12,9999-01-01,Senior Staff
434845,Takushi,Skogmar,1985-06-07,9999-01-01,Senior Staff
434936,Sahrah,Rosis,1994-06-24,9999-01-01,Engineer
435042,Brigham,Borstler,1995-10-09,9999-01-01,Staff
435060,Moie,Lieblein,1996-07-12,9999-01-01,Staff
435181,Kazuhide,Fiutem,1992-05-10,9999-01-01,Senior Staff
435289,Feixiong,Schurmann,1987-02-15,9999-01-01,Senior Staff
435305,Berthier,Pramanik,1993-01-23,9999-01-01,Senior Staff
435370,Conal,Basart,1991-05-17,9999-01-01,Senior Staff
435588,Genta,Pepe,1994-04-12,9999-01-01,Senior Staff
435602,Dietrich,Kranzdorf,1992-10-04,9999-01-01,Senior Staff
435774,Olivera,Bharadwaj,1992-04-01,9999-01-01,Senior Staff
435791,Hercules,Speer,1994-03-07,9999-01-01,Engineer
436558,Subir,Greibach,1992-05-24,9999-01-01,Senior Engineer
436797,Ohad,Henders,1990-11-03,9999-01-01,Senior Staff
436827,Wojceich,Limongiello,1988-03-10,9999-01-01,Senior Staff
436915,Feixiong,Haraldson,1998-10-11,9999-01-01,Staff
437276,Dines,DeMori,1987-12-07,9999-01-01,Senior Staff
437369,Kazuhide,Biran,1995-01-25,9999-01-01,Senior Staff
437395,Sumant,Thambidurai,1994-01-02,9999-01-01,Senior Staff
437724,Erez,Luft,1994-12-14,9999-01-01,Staff
437870,Kerhong,Lorho,1995-06-18,9999-01-01,Staff
438038,Lena,Giaccio,1999-03-17,9999-01-01,Senior Staff
438264,Rasikan,Barreiro,1991-09-27,9999-01-01,Senior Staff
438557,Lidong,Swist,1999-09-16,9999-01-01,Engineer
439377,Mari,Plessier,1997-07-04,9999-01-01,Senior Engineer
439905,Kousuke,Levasseur,1990-03-16,9999-01-01,Senior Staff
439924,Gunilla,Kisuki,1994-08-14,9999-01-01,Senior Staff
440325,Douadi,Sullins,1999-09-25,9999-01-01,Senior Staff
440435,Sandeepan,Rosti,1991-11-26,9999-01-01,Senior Engineer
440450,Tzvetan,Scharstein,1994-06-16,9999-01-01,Senior Staff
440642,Snehasis,Kalsbeek,1988-01-06,9999-01-01,Senior Staff
440870,Filipp,Hasham,1990-07-11,9999-01-01,Senior Staff
440937,Fabrizio,Usery,1992-10-13,9999-01-01,Senior Staff
441197,Miquel,Legleitner,1985-06-28,9999-01-01,Senior Staff
441536,Chinho,Collette,1990-08-07,9999-01-01,Senior Engineer
441954,Leszek,Marchegay,1999-06-13,9999-01-01,Engineer
441965,Claudi,Heijenga,1988-08-30,9999-01-01,Senior Staff
442002,Ravishankar,Baig,1992-03-17,9999-01-01,Senior Staff
442096,Martijn,DiGiano,1990-06-15,9999-01-01,Senior Engineer
442312,Zengping,Cusworth,1991-06-07,9999-01-01,Engineer
442490,Navid,Luke,1994-10-17,9999-01-01,Engineer
442653,Mona,Hebden,1995-10-20,9999-01-01,Engineer
442700,Siddarth,Masada,1997-08-11,9999-01-01,Staff
442898,Aksel,Gire,1999-06-27,9999-01-01,Engineer
443108,Christfried,Atrawala,1990-07-13,9999-01-01,Senior Staff
443485,Marke,Klerer,1990-04-14,9999-01-01,Senior Staff
443841,Shaw,Kading,1992-07-16,9999-01-01,Senior Staff
443873,Vatsa,Ramsay,1994-02-04,9999-01-01,Senior Staff
444070,Heping,Skrikant,1990-11-27,9999-01-01,Senior Staff
444099,Kousuke,Worfolk,1988-03-22,9999-01-01,Senior Staff
444208,Irena,Cesareni,1985-10-30,9999-01-01,Senior Staff
444465,Prasadram,Bultermann,1997-08-29,9999-01-01,Senior Engineer
444487,Udi,Rullman,1994-04-09,9999-01-01,Senior Engineer
444643,Berna,Schonegge,1998-06-28,9999-01-01,Staff
445067,Eldridge,Kawashima,1990-02-27,9999-01-01,Engineer
445152,Heping,Peac,1985-03-20,9999-01-01,Senior Staff
445226,Oscar,Baumann,1987-01-22,9999-01-01,Engineer
445570,Van,Nations,1986-08-11,9999-01-01,Technique Leader
445723,Gaurav,Roison,1986-10-22,9999-01-01,Staff
445941,Masako,Dechter,1985-09-25,9999-01-01,Technique Leader
445950,Ebru,Valtorta,1992-12-09,9999-01-01,Engineer
446121,Fay,Cochrane,1999-12-13,9999-01-01,Staff
446306,Hercules,Kabayashi,1991-06-10,9999-01-01,Senior Engineer
446424,DAIDA,Nooteboom,1985-11-24,9999-01-01,Engineer
446897,Takahiro,Dalton,1992-09-30,9999-01-01,Technique Leader
446959,Aram,Passino,1995-01-28,9999-01-01,Senior Engineer
447018,Dannz,Miara,1992-12-04,9999-01-01,Engineer
447135,Gennady,Rouquie,1989-08-24,9999-01-01,Senior Staff
447232,Aleksander,Schaaf,1995-05-26,9999-01-01,Senior Staff
447376,Kirk,Zongker,1999-12-10,9999-01-01,Staff
447544,Stabislas,Kakkad,1989-02-19,9999-01-01,Senior Staff
447613,Paris,Restivo,1986-11-21,9999-01-01,Engineer
447877,Make,Heuser,1988-07-02,9999-01-01,Engineer
447931,Martijn,Jeong,1990-12-14,9999-01-01,Senior Staff
447966,Kamakshi,Hebert,1997-01-17,9999-01-01,Engineer
447982,Shiv,Baezner,1990-12-17,9999-01-01,Engineer
447999,Shiv,Vilarrasa,1990-08-01,9999-01-01,Engineer
448769,Mong,Dichev,1997-10-11,9999-01-01,Technique Leader
448900,Mart,Talmor,1999-05-11,9999-01-01,Staff
448918,Chiradeep,Arlazarov,1989-10-06,9999-01-01,Engineer
448994,Haldun,Syang,1997-02-11,9999-01-01,Staff
449189,Jahangir,Bernatsky,1995-09-30,9999-01-01,Senior Staff
449815,Fumitaka,Quittner,1988-04-20,9999-01-01,Senior Staff
449984,Hinrich,Perin,1985-11-20,9999-01-01,Engineer
450184,Selwyn,Henseler,1993-03-09,9999-01-01,Senior Engineer
450255,Udo,Waymire,1986-06-14,9999-01-01,Technique Leader
450309,Gill,Orlowska,1986-12-25,9999-01-01,Technique Leader
450475,Saeed,Bahl,1991-01-29,9999-01-01,Senior Staff
450817,DAIDA,Frolund,1987-07-17,9999-01-01,Engineer
450888,Sedat,Rande,1995-03-25,9999-01-01,Senior Staff
450934,Chanjung,Raoux,1992-05-25,9999-01-01,Engineer
450936,Yuriy,Ponthieu,1991-12-11,9999-01-01,Senior Staff
451253,Jaihie,Ozeri,1991-06-21,9999-01-01,Senior Staff
451272,Jacopo,Krohm,1991-04-24,9999-01-01,Engineer
451275,Bedrich,Isard,1986-06-07,9999-01-01,Senior Staff
451333,Radhika,Bonifati,1995-03-11,9999-01-01,Senior Staff
452137,Subir,Miake,1993-07-11,9999-01-01,Engineer
452206,Arra,Esposito,1994-11-03,9999-01-01,Staff
452325,Taiji,Berstel,1996-12-02,9999-01-01,Engineer
452347,Shigeichiro,Brattka,1996-07-13,9999-01-01,Senior Staff
452365,Fei,Gadepally,1988-11-13,9999-01-01,Assistant Engineer
452956,Gou,Thombley,1987-04-09,9999-01-01,Senior Engineer
452957,Alair,Nanard,1996-02-10,9999-01-01,Staff
452982,Lobel,Aloia,1994-12-29,9999-01-01,Senior Staff
453070,Aran,Rosenbaum,1991-04-25,9999-01-01,Senior Staff
453154,Gao,Lally,1996-03-01,9999-01-01,Staff
453644,Berni,Takkinen,1992-06-08,9999-01-01,Senior Staff
453688,Chinya,Leslie,1995-10-28,9999-01-01,Engineer
453723,Arne,Kohling,1985-12-13,9999-01-01,Engineer
453760,Ewing,Rajala,1996-06-21,9999-01-01,Senior Staff
453790,Fai,Keirsey,1994-10-12,9999-01-01,Engineer
453913,Stein,Perng,1993-04-29,9999-01-01,Senior Staff
454338,Mohammed,Georg,1998-08-03,9999-01-01,Engineer
454378,Gina,Ossenbruggen,1998-01-03,9999-01-01,Technique Leader
454736,Nechama,Ermel,1995-06-05,9999-01-01,Engineer
454791,Xiaoqiu,Pietracaprina,1994-07-09,9999-01-01,Senior Engineer
454825,Kamakshi,Schusler,1995-05-25,9999-01-01,Engineer
454994,Mohan,Picht,1991-02-24,9999-01-01,Engineer
455175,Soenke,Zaumen,1992-02-22,9999-01-01,Senior Staff
455284,Luisa,Baig,1996-07-12,9999-01-01,Engineer
455726,Qiwen,Kriebel,1987-12-13,9999-01-01,Senior Staff
455814,Giao,DuCasse,1991-07-19,9999-01-01,Engineer
455914,Peer,Angelopoulos,1989-07-23,9999-01-01,Engineer
456767,Tetsurou,Schreiter,1987-07-17,9999-01-01,Senior Staff
456982,Shounak,Dratva,1989-01-05,9999-01-01,Engineer
457070,Gay,Plavsic,1987-08-06,9999-01-01,Senior Staff
457146,Jinpo,Heyers,1999-01-07,9999-01-01,Staff
457305,Sorina,Lakshmanan,1994-09-03,9999-01-01,Staff
457337,Xumin,Beidas,1995-04-27,9999-01-01,Technique Leader
457411,Xudong,Peck,1988-04-18,9999-01-01,Senior Engineer
457489,Berna,Ranst,1985-05-14,9999-01-01,Engineer
457611,Indrajit,Krogh,1998-09-18,9999-01-01,Engineer
457776,Florian,Siepmann,1987-12-21,9999-01-01,Engineer
457813,Foong,Gargeya,1992-01-24,9999-01-01,Engineer
457832,Jackson,Zielinski,1997-09-12,9999-01-01,Senior Engineer
457938,Arch,Picco,1993-06-07,9999-01-01,Senior Staff
458111,Florian,Tramer,1999-11-07,9999-01-01,Engineer
458134,Thanasis,Standera,1985-03-20,9999-01-01,Senior Staff
458191,George,Atchley,1997-07-02,9999-01-01,Staff
458383,Mabhin,Foote,1999-04-23,9999-01-01,Engineer
458726,Shahaf,Kitai,1986-12-26,9999-01-01,Senior Staff
458790,Ramya,Azadmanesh,1988-11-19,9999-01-01,Engineer
459172,Val,Rissanen,1993-11-20,9999-01-01,Assistant Engineer
459356,Pramod,Wendorf,1998-12-25,9999-01-01,Engineer
459429,Mohit,Verhaegen,1992-05-27,9999-01-01,Senior Staff
459685,Hirochika,Goldhammer,1998-03-12,9999-01-01,Engineer
460131,Adly,Hambrick,1997-07-25,9999-01-01,Staff
460691,Munehiko,Gihr,1989-12-06,9999-01-01,Senior Staff
460707,Yoshinari,Lanteri,1996-12-25,9999-01-01,Engineer
460920,Remzi,Mitzlaff,1986-04-06,9999-01-01,Senior Staff
461120,Shietung,Gelosh,1996-03-26,9999-01-01,Engineer
461270,Mrinalini,Mawatari,1996-01-03,9999-01-01,Staff
461801,Sumali,Cooman,1992-02-16,9999-01-01,Senior Staff
462493,Paloma,Gerlach,1988-07-26,9999-01-01,Engineer
462795,Somnath,Cummings,1994-07-10,9999-01-01,Senior Staff
463023,Itzchak,Penn,1999-01-21,9999-01-01,Staff
463099,Jinxi,Schmiedel,1990-09-21,9999-01-01,Senior Staff
463212,Ramya,Rossi,1987-03-02,9999-01-01,Senior Engineer
463472,Jaber,Sethi,1995-06-06,9999-01-01,Technique Leader
463495,Alenka,Barriga,1988-05-06,9999-01-01,Senior Staff
464284,Huiqun,Henders,1993-05-19,9999-01-01,Senior Staff
464303,Abdelghani,Nyrup,1986-08-02,9999-01-01,Senior Staff
465062,Stafford,Gist,1988-05-07,9999-01-01,Engineer
465076,Tokuyasu,Ghelli,1985-05-05,9999-01-01,Engineer
465085,Vidar,Gunderson,1996-03-18,9999-01-01,Senior Staff
465409,Shahid,Varman,1985-08-27,9999-01-01,Senior Staff
465501,Mrinalini,Gire,1992-11-09,9999-01-01,Senior Staff
465711,Lakshmi,Frijda,1990-04-21,9999-01-01,Engineer
465853,Kwan,Kampfer,1998-10-16,9999-01-01,Staff
465874,Herb,Picht,1985-05-31,9999-01-01,Assistant Engineer
466064,Temple,Danlos,1994-06-13,9999-01-01,Senior Staff
466367,Hiroyasu,Strandh,1989-06-05,9999-01-01,Senior Staff
466509,Bezalel,Verhoeff,1988-03-22,9999-01-01,Engineer
466603,Yechezkel,Nourani,1991-08-01,9999-01-01,Senior Staff
466745,Boalin,Birsak,1995-10-16,9999-01-01,Senior Staff
467176,Przemyslawa,Borovoy,1993-06-18,9999-01-01,Senior Staff
467269,Nahum,Lambe,1989-08-31,9999-01-01,Technique Leader
467392,Mariusz,Rikino,1995-04-13,9999-01-01,Engineer
467441,Margareta,Bondorf,1988-11-07,9999-01-01,Engineer
467591,Kiyotoshi,Hennebert,1997-09-21,9999-01-01,Staff
467886,Sivanarayana,Chandrasekhar,1996-01-24,9999-01-01,Senior Staff
467918,Tsuneo,Skrikant,1997-10-21,9999-01-01,Staff
468360,Huei,Saoudi,1994-08-10,9999-01-01,Technique Leader
468417,Kamakshi,Huhdanpaa,1993-08-26,9999-01-01,Engineer
468659,Ranga,Lemarechal,1989-11-05,9999-01-01,Engineer
468773,Baziley,Brookner,1993-09-22,9999-01-01,Engineer
469104,Nadjib,Comellas,1996-04-18,9999-01-01,Engineer
469253,Baruch,Basawa,1993-09-17,9999-01-01,Engineer
469269,Weiyi,Codenie,1989-05-27,9999-01-01,Engineer
469366,Aiman,Wilfing,1990-12-30,9999-01-01,Engineer
469399,Hongzhu,Ruemmler,1999-02-14,9999-01-01,Engineer
469527,Halsur,Ibel,1998-03-05,9999-01-01,Staff
469529,Neven,Rikino,1988-10-21,9999-01-01,Engineer
469735,Arif,Stranks,1992-11-16,9999-01-01,Senior Engineer
469867,Hein,Jonsson,1985-02-12,9999-01-01,Senior Staff
470456,Reuven,Oehlmann,1986-03-29,9999-01-01,Senior Staff
470472,Zhiguo,Staudhammer,1985-12-03,9999-01-01,Engineer
471397,Nigel,Zirintsis,1999-01-03,9999-01-01,Engineer
471532,Feiyu,Decleir,1998-09-13,9999-01-01,Technique Leader
471552,Basem,Lortz,1997-10-25,9999-01-01,Staff
471911,Arun,Zaccaria,1990-05-31,9999-01-01,Assistant Engineer
471939,Kazuhiko,Marshall,1999-11-16,9999-01-01,Staff
472052,Godehard,Chinal,1995-12-09,9999-01-01,Assistant Engineer
472143,Yahiko,Sommen,1996-08-14,9999-01-01,Senior Staff
472238,Jungsoon,Gubsky,1990-10-09,9999-01-01,Senior Engineer
472790,Zhenbing,Ibel,1985-10-29,9999-01-01,Senior Engineer
472950,Weidon,Fordan,1986-03-27,9999-01-01,Senior Engineer
473268,Hugo,Sgarro,1992-04-24,9999-01-01,Senior Staff
473299,Khaled,Penn,1992-05-19,9999-01-01,Senior Staff
473490,Pantung,Reeker,1992-05-11,9999-01-01,Senior Staff
473940,Avishai,Majewski,1998-01-10,9999-01-01,Engineer
474331,Sugwoo,Eugenio,1991-10-06,9999-01-01,Senior Staff
474763,Mayuko,Clouatre,1997-09-04,9999-01-01,Engineer
474796,Zongyan,Shackel,1986-11-09,9999-01-01,Technique Leader
475087,Genevieve,Snedden,1988-10-21,9999-01-01,Senior Engineer
475258,Fumiyo,Feinberg,1987-11-22,9999-01-01,Senior Staff
475538,Christophe,Leaver,1998-10-31,9999-01-01,Staff
475938,Shigeaki,Lanteri,1989-02-17,9999-01-01,Engineer
475965,Rimon,Pietracaprina,1985-07-10,9999-01-01,Engineer
476055,Girolamo,Schlumberger,1993-03-07,9999-01-01,Senior Staff
476122,Khun,Spieker,1995-05-07,9999-01-01,Engineer
476327,Reinhold,Binkley,1995-05-29,9999-01-01,Engineer
476361,Doohun,Preusig,1985-04-13,9999-01-01,Technique Leader
477350,Terresa,Vigier,1998-07-08,9999-01-01,Staff
477578,Marit,Paludetto,1990-09-30,9999-01-01,Engineer
477969,Bluma,Mundy,1991-10-18,9999-01-01,Engineer
478007,Fumino,Narahara,1991-09-21,9999-01-01,Engineer
478170,Doowon,Schoegge,1994-05-29,9999-01-01,Assistant Engineer
478218,Djenana,Erol,1999-01-31,9999-01-01,Engineer
478439,Yuichiro,Bale,1997-11-04,9999-01-01,Technique Leader
478768,Arun,Katzenelson,1991-10-28,9999-01-01,Engineer
478799,Shaw,Borovoy,1991-05-11,9999-01-01,Senior Staff
478833,Pradeep,Valiente,1992-09-19,9999-01-01,Engineer
478858,Hidekazu,Perna,1999-11-08,9999-01-01,Staff
479024,Ewing,Kalorkoti,1996-12-21,9999-01-01,Engineer
479407,Randi,Tomescu,1986-11-25,9999-01-01,Assistant Engineer
479601,Kayoko,Bahi,1997-02-19,9999-01-01,Staff
479695,Masamitsu,Murrill,1996-06-27,9999-01-01,Senior Staff
480035,Sukumar,Georg,1990-03-27,9999-01-01,Senior Staff
480066,Suebskul,Menhardt,1994-07-26,9999-01-01,Engineer
480178,Uinam,Rahier,1991-02-10,9999-01-01,Senior Staff
480268,Gaurav,Cheshire,1989-03-30,9999-01-01,Technique Leader
480407,Deniz,Bennis,1989-06-24,9999-01-01,Engineer
481050,Weiru,Burnard,1990-10-15,9999-01-01,Senior Staff
481213,Shigehiro,Haldar,1991-12-14,9999-01-01,Senior Staff
481397,Luisa,Chelton,1998-08-13,9999-01-01,Assistant Engineer
481764,Teiji,Marrakchi,1986-08-26,9999-01-01,Senior Engineer
481790,Haldun,Erie,1996-09-12,9999-01-01,Senior Engineer
482335,Kwangyoen,Peck,1994-01-16,9999-01-01,Engineer
482354,Jayson,Zockler,1999-11-06,9999-01-01,Staff
482755,Jouni,Conia,1994-10-31,9999-01-01,Senior Staff
482885,Shaunak,Brizzi,1988-09-02,9999-01-01,Assistant Engineer
482905,Aral,Hebden,1991-09-10,9999-01-01,Senior Staff
482944,Duke,Journel,1991-10-26,9999-01-01,Senior Staff
483401,Rosita,Pokrovskii,1996-08-03,9999-01-01,Senior Staff
483675,Hausi,Kamber,1988-02-16,9999-01-01,Engineer
483825,Marek,Mitchem,1992-11-20,9999-01-01,Senior Engineer
483838,Sham,Kavanagh,1997-12-18,9999-01-01,Assistant Engineer
483978,Dung,Tanemo,1990-01-28,9999-01-01,Senior Staff
484126,Manton,Lueh,1989-04-07,9999-01-01,Senior Staff
484142,Perry,Cooman,1987-04-23,9999-01-01,Senior Staff
484498,Herbert,Hammerschmidt,1996-08-22,9999-01-01,Engineer
484756,Phule,Ruemmler,1990-08-09,9999-01-01,Engineer
485253,Gladys,Parhami,1996-07-20,9999-01-01,Senior Staff
485489,Keiichiro,Armand,1986-12-14,9999-01-01,Assistant Engineer
485577,Rafael,Menhoudj,1997-04-27,9999-01-01,Senior Engineer
485579,Munehiro,Iwayama,1986-12-16,9999-01-01,Engineer
485799,Yoshimitsu,Litvinov,1997-11-22,9999-01-01,Senior Staff
485817,Mahmut,Bolotov,1995-01-10,9999-01-01,Engineer
486068,Yefim,Bernardeschi,1996-06-26,9999-01-01,Senior Staff
486808,Geoffrey,Siochi,1998-12-27,9999-01-01,Senior Engineer
486918,Yagil,Remmers,1994-11-01,9999-01-01,Senior Staff
486956,Matt,Ruemmler,1993-10-14,9999-01-01,Engineer
486958,Tonny,Kropf,1986-07-30,9999-01-01,Engineer
487008,Zhigen,Raney,1993-05-26,9999-01-01,Senior Staff
487505,Uno,Jayawardene,1987-11-02,9999-01-01,Senior Staff
487988,Ekawit,Schaft,1990-05-20,9999-01-01,Senior Staff
488095,Francoise,Hegner,1997-12-23,9999-01-01,Senior Staff
488142,Denis,Narlikar,1991-07-01,9999-01-01,Senior Staff
488482,Kensyu,Tsunoo,1999-12-05,9999-01-01,Engineer
488540,Breannda,Maquelin,1996-04-12,9999-01-01,Senior Staff
488619,Georgy,Bennis,1998-04-11,9999-01-01,Engineer
488693,Jiong,Zultner,1993-03-10,9999-01-01,Senior Engineer
488707,Mihalis,Remmers,1990-03-01,9999-01-01,Senior Staff
488752,Nimmagadda,Baja,1994-02-09,9999-01-01,Senior Staff
488788,Wuxu,Garigliano,1990-09-21,9999-01-01,Senior Staff
488984,Kendra,Junet,1986-02-28,9999-01-01,Senior Staff
489755,Matk,Chorvat,1994-12-30,9999-01-01,Senior Staff
489756,Kersti,Miculan,1992-06-09,9999-01-01,Senior Staff
489928,Satoru,Janetzko,1997-07-26,9999-01-01,Assistant Engineer
490551,Lalit,Lindqvist,1998-11-07,9999-01-01,Engineer
490557,Luise,Vigier,1994-07-01,9999-01-01,Engineer
490568,Zita,Reistad,1998-07-23,9999-01-01,Senior Engineer
490720,Younwoo,Samarati,1996-08-19,9999-01-01,Senior Engineer
491079,Kwangsub,Keirsey,1992-02-04,9999-01-01,Senior Engineer
491162,Panayotis,Hempstead,1994-08-29,9999-01-01,Senior Engineer
491478,Gill,Varman,1988-06-18,9999-01-01,Senior Staff
491596,Charmane,Pargas,1988-07-29,9999-01-01,Engineer
491632,Gadiel,Perly,1986-10-20,9999-01-01,Senior Staff
492000,Valeska,Cools,1993-12-16,9999-01-01,Senior Staff
492052,Udo,Ratnakar,1999-11-30,9999-01-01,Staff
492217,Heekeun,Verhaegen,1991-09-28,9999-01-01,Senior Engineer
492639,Sanjoy,Porenta,1997-07-10,9999-01-01,Engineer
492677,Goetz,McAffer,1988-02-05,9999-01-01,Engineer
493031,Hironoby,Jakobus,1991-07-30,9999-01-01,Senior Staff
493048,Muzhong,Berztiss,1995-01-23,9999-01-01,Senior Staff
493096,Sachem,Msuda,1995-04-07,9999-01-01,Engineer
493744,Leni,Kropatsch,1997-07-17,9999-01-01,Senior Engineer
494019,Morrie,Iisaku,1991-05-06,9999-01-01,Senior Staff
494088,Phule,Dahlbom,1989-02-06,9999-01-01,Engineer
494493,Masasuke,Koprowski,1996-11-20,9999-01-01,Staff
494995,Yongmao,Pouyioutas,1989-08-24,9999-01-01,Senior Staff
496100,Pranjal,Reinhard,1995-05-08,9999-01-01,Staff
496970,Giordano,Maquelin,1999-12-31,9999-01-01,Senior Engineer
496978,Danco,Debuse,1993-09-10,9999-01-01,Senior Staff
497007,Oldrich,Adachi,1997-04-03,9999-01-01,Engineer
497174,Sanjiv,Bressoud,1993-04-27,9999-01-01,Engineer
497340,Fayez,Keohane,1990-09-19,9999-01-01,Senior Staff
497391,Paris,Lieblein,1999-05-19,9999-01-01,Engineer
497835,Shuho,Laurillard,1999-10-06,9999-01-01,Technique Leader
498185,Caolyn,Marciano,1999-06-06,9999-01-01,Senior Engineer
498337,Naraig,Docker,1997-05-17,9999-01-01,Staff
498456,Geraldo,Gerteisen,1987-06-05,9999-01-01,Senior Staff
498635,Florian,Pezzoli,1988-07-22,9999-01-01,Senior Staff
498838,Sanjay,Ciolek,1989-12-13,9999-01-01,Senior Staff
498845,Arumugam,Pelc,1999-11-13,9999-01-01,Senior Engineer
498955,Nechama,Kandlur,1995-01-16,9999-01-01,Engineer
499194,Padma,Delgrange,1998-01-02,9999-01-01,Senior Staff
499260,Danae,Honglei,1998-09-14,9999-01-01,Engineer
499495,Baoqiu,Kakkar,1999-08-30,9999-01-01,Engineer
